"participant","bx","bx_label","category","Blame","BlameRef","Char","CharRef","ComCare","ComCareRef","Praise","PraiseRef","Should","ShouldRef"
1,1,"Obey traffic lights at an intersection","0",1,8,1,8,9,1,6,1,9,1
1,2,"Obey stop signs at a 4way stop","0",4,8,1,1,7,4,8,1,9,1
1,3,"Pay taxes on earned income","0",1,8,1,8,9,1,4,1,9,1
1,4,"Provide basic care for a family pet","0",4,8,3,8,9,1,8,1,9,1
1,5,"Be loving and caring towards one's kids","0",1,8,4,8,9,1,9,1,9,1
1,6,"Signal when changing lanes in front of other drivers","1",6,8,1,1,7,3,5,1,9,1
1,7,"Be loyal to a romantic partner","0",9,1,9,8,9,1,9,1,9,1
1,8,"Murder a family member","2",9,1,9,2,1,9,1,1,1,8
1,9,"Sexually harass a coworker","2",9,1,9,1,1,9,1,8,1,8
1,10,"Kidnap a child and hold them hostage","2",9,1,9,2,1,9,1,1,1,8
1,11,"Emotionally abuse a child","2",9,1,9,1,1,9,1,8,1,8
1,12,"Rob a store at gunpoint","2",9,1,9,1,1,9,1,5,1,8
1,13,"Steal an expensive car","2",9,1,9,1,1,9,1,8,1,8
1,14,"Knowingly spread an STD","3",9,1,9,8,1,9,1,8,1,8
1,15,"Be punctual/on time when meeting friends","1",4,8,1,1,4,5,4,1,9,1
1,16,"Help a physically disabled person load their groceries into their car","1",5,8,9,8,9,1,9,1,9,1
1,17,"Ride a bike rather than drive a car","1",1,1,4,NA,1,9,1,1,4,4
1,18,"Help an older person cross the road","1",1,8,9,8,6,4,9,1,9,1
1,19,"Donate a significant amount of money to charity","1",1,1,9,1,5,5,9,2,9,1
1,20,"Volunteer at least once a month in a hospital","1",1,1,9,1,2,8,9,3,9,1
1,21,"Volunteer at least once a month at a shelter","1",6,2,9,2,2,8,9,3,9,1
1,22,"Have unsafe sex","3",9,1,6,4,1,9,5,5,3,6
1,23,"Skip class for fun","3",8,2,9,8,1,9,2,7,1,8
1,24,"Drink too much alcohol","3",4,1,3,1,3,7,1,3,2,6
1,25,"Not leave a tip after dining out","3",2,8,1,8,9,1,6,1,9,1
1,26,"Gamble on a semifrequent occasion","3",1,1,1,1,4,5,5,4,5,4
1,27,"Make a small mistake, then let someone else take the blame","4",9,1,9,8,1,9,1,8,1,8
1,28,"Occasionally gossip about friends","3",7,3,9,3,1,9,1,8,1,8
2,1,"Obey traffic lights at an intersection","0",1,7,9,8,7,5,8,1,9,1
2,2,"Obey stop signs at a 4way stop","0",1,7,8,6,8,2,6,3,9,1
2,3,"Pay taxes on earned income","0",1,8,5,8,9,1,3,1,9,1
2,4,"Provide basic care for a family pet","0",1,8,6,8,9,8,9,1,9,1
2,5,"Be loving and caring towards one's kids","0",1,8,7,8,9,1,9,1,9,1
2,6,"Signal when changing lanes in front of other drivers","0",1,7,8,7,9,1,7,1,8,1
2,7,"Be loyal to a romantic partner","0",1,8,9,8,8,2,7,1,9,1
2,8,"Murder a family member","2",9,1,9,8,2,9,1,6,1,8
2,9,"Sexually harass a coworker","2",9,1,9,4,1,9,1,6,1,8
2,10,"Kidnap a child and hold them hostage","2",9,1,9,4,1,9,1,5,1,8
2,11,"Emotionally abuse a child","2",9,1,9,4,1,9,1,5,1,8
2,12,"Rob a store at gunpoint","2",9,1,9,7,8,8,1,5,9,1
2,13,"Steal an expensive car","2",9,1,8,5,1,9,1,5,1,8
2,14,"Knowingly spread an STD","2",9,1,9,4,1,9,1,5,1,8
2,15,"Be punctual/on time when meeting friends","1",5,7,9,7,7,9,8,2,9,1
2,16,"Help a physically disabled person load their groceries into their car","0",1,7,9,8,8,6,8,1,9,1
2,17,"Ride a bike rather than drive a car","1",1,1,8,2,2,9,6,3,7,1
2,18,"Help an older person cross the road","0",5,4,8,7,8,3,8,2,9,1
2,19,"Donate a significant amount of money to charity","1",2,2,8,4,6,6,8,4,6,1
2,20,"Volunteer at least once a month in a hospital","1",1,4,8,5,7,5,8,4,8,1
2,21,"Volunteer at least once a month at a shelter","1",1,6,8,4,8,3,8,4,8,1
2,22,"Have unsafe sex","3",8,1,6,7,8,4,3,5,1,6
2,23,"Skip class for fun","3",8,1,8,4,8,4,8,1,1,6
2,24,"Drink too much alcohol","3",5,4,5,4,9,8,3,3,3,7
2,25,"Not leave a tip after dining out","3",9,1,9,6,2,9,1,6,1,8
2,26,"Gamble on a semifrequent occasion","0",2,4,7,4,7,5,4,4,3,2
2,27,"Make a small mistake, then let someone else take the blame","3",9,1,9,8,8,4,1,5,2,7
2,28,"Occasionally gossip about friends","3",8,1,8,5,9,3,3,7,2,6
3,1,"Obey traffic lights at an intersection","0",1,4,NA,3,9,1,1,3,9,1
3,2,"Obey stop signs at a 4way stop","0",1,5,1,4,9,4,1,1,9,1
3,3,"Pay taxes on earned income","0",1,8,1,7,9,1,1,1,9,1
3,4,"Provide basic care for a family pet","0",1,5,6,4,8,2,4,1,7,1
3,5,"Be loving and caring towards one's kids","0",1,8,7,8,9,1,5,1,9,1
3,6,"Signal when changing lanes in front of other drivers","1",1,4,1,1,9,3,1,1,9,1
3,7,"Be loyal to a romantic partner","0",1,8,7,8,9,1,8,1,9,1
3,8,"Murder a family member","2",9,1,9,1,1,9,1,1,1,8
3,9,"Sexually harass a coworker","2",9,1,9,1,1,9,1,4,1,8
3,10,"Kidnap a child and hold them hostage","2",9,1,9,1,1,9,1,3,1,8
3,11,"Emotionally abuse a child","2",9,1,9,1,1,9,1,4,1,8
3,12,"Rob a store at gunpoint","2",9,1,9,1,1,9,1,1,1,8
3,13,"Steal an expensive car","2",9,1,9,1,1,9,1,1,1,8
3,14,"Knowingly spread an STD","2",9,1,9,1,1,9,1,3,1,8
3,15,"Be punctual/on time when meeting friends","0",1,6,5,5,9,1,6,1,9,1
3,16,"Help a physically disabled person load their groceries into their car","1",1,8,8,5,9,1,8,1,9,1
3,17,"Ride a bike rather than drive a car","1",1,1,8,1,1,9,7,1,6,1
3,18,"Help an older person cross the road","1",1,6,6,5,8,2,7,1,9,1
3,19,"Donate a significant amount of money to charity","1",1,3,8,1,7,3,9,1,9,1
3,20,"Volunteer at least once a month in a hospital","1",1,3,7,1,6,4,7,1,6,1
3,21,"Volunteer at least once a month at a shelter","1",6,4,8,2,6,4,7,1,5,1
3,22,"Have unsafe sex","3",8,1,6,6,7,3,1,6,1,8
3,23,"Skip class for fun","3",7,1,4,5,6,4,1,4,1,8
3,24,"Drink too much alcohol","3",7,1,5,6,8,2,1,6,1,8
3,25,"Not leave a tip after dining out","3",9,1,9,1,1,9,1,1,1,8
3,26,"Gamble on a semifrequent occasion","2",6,1,6,1,2,8,1,4,3,6
3,27,"Make a small mistake, then let someone else take the blame","3",9,1,9,8,NA,9,1,5,1,8
3,28,"Occasionally gossip about friends","2",6,1,6,5,8,3,1,4,1,8
4,1,"Obey traffic lights at an intersection","0",1,8,2,6,9,1,3,1,9,1
4,2,"Obey stop signs at a 4way stop","0",1,5,4,5,9,4,4,1,9,1
4,3,"Pay taxes on earned income","0",1,6,1,4,9,1,2,1,9,1
4,4,"Provide basic care for a family pet","0",1,8,4,8,9,1,8,1,9,1
4,5,"Be loving and caring towards one's kids","0",1,8,9,8,9,1,9,1,9,1
4,6,"Signal when changing lanes in front of other drivers","0",1,2,2,3,7,3,2,1,6,1
4,7,"Be loyal to a romantic partner","0",1,7,7,7,9,1,8,1,9,1
4,8,"Murder a family member","2",9,1,9,3,1,9,1,5,1,8
4,9,"Sexually harass a coworker","2",7,1,7,3,1,9,1,4,1,8
4,10,"Kidnap a child and hold them hostage","2",9,1,9,2,1,9,1,4,1,8
4,11,"Emotionally abuse a child","2",9,1,8,6,1,9,1,6,1,8
4,12,"Rob a store at gunpoint","2",9,1,9,2,1,9,1,5,1,8
4,13,"Steal an expensive car","2",9,1,9,1,1,9,1,8,1,8
4,14,"Knowingly spread an STD","3",9,1,9,3,1,1,1,6,1,8
4,15,"Be punctual/on time when meeting friends","1",1,4,6,6,7,4,4,1,9,1
4,16,"Help a physically disabled person load their groceries into their car","1",1,6,8,4,4,7,9,1,9,1
4,17,"Ride a bike rather than drive a car","1",1,1,3,1,1,9,2,1,2,7
4,18,"Help an older person cross the road","1",1,4,7,3,3,8,7,1,8,1
4,19,"Donate a significant amount of money to charity","1",1,2,9,3,3,7,9,1,7,1
4,20,"Volunteer at least once a month in a hospital","1",1,3,7,2,1,9,6,1,7,1
4,21,"Volunteer at least once a month at a shelter","1",1,5,8,3,5,7,8,1,9,1
4,22,"Have unsafe sex","3",1,1,2,2,1,7,1,3,6,2
4,23,"Skip class for fun","3",3,1,4,6,8,8,2,5,3,6
4,24,"Drink too much alcohol","2",4,1,2,4,5,7,1,4,3,6
4,25,"Not leave a tip after dining out","3",6,1,2,7,9,1,1,3,9,1
4,26,"Gamble on a semifrequent occasion","2",2,1,3,4,1,9,2,4,4,6
4,27,"Make a small mistake, then let someone else take the blame","2",7,1,8,4,1,9,NA,4,1,8
4,28,"Occasionally gossip about friends","2",6,1,4,8,3,7,1,8,4,4
5,1,"Obey traffic lights at an intersection","0",4,4,2,5,8,2,2,2,9,1
5,2,"Obey stop signs at a 4way stop","0",4,2,2,4,8,2,1,1,9,1
5,3,"Pay taxes on earned income","0",3,6,2,6,9,1,2,1,9,1
5,4,"Provide basic care for a family pet","0",2,7,3,7,9,1,2,1,9,1
5,5,"Be loving and caring towards one's kids","0",2,8,7,8,8,2,2,1,9,1
5,6,"Signal when changing lanes in front of other drivers","0",4,5,3,4,8,3,2,2,9,1
5,7,"Be loyal to a romantic partner","1",2,7,4,7,9,1,3,1,9,1
5,8,"Murder a family member","2",8,2,7,2,1,9,1,1,1,8
5,9,"Sexually harass a coworker","2",9,2,8,3,1,9,1,3,1,8
5,10,"Kidnap a child and hold them hostage","2",9,3,9,4,1,9,1,3,1,8
5,11,"Emotionally abuse a child","2",9,2,9,2,7,3,1,2,1,8
5,12,"Rob a store at gunpoint","2",6,2,5,2,1,9,2,2,1,8
5,13,"Steal an expensive car","3",5,2,4,1,1,9,2,2,1,8
5,14,"Knowingly spread an STD","2",9,2,9,2,1,9,1,2,1,8
5,15,"Be punctual/on time when meeting friends","1",3,6,5,6,8,3,2,1,8,3
5,16,"Help a physically disabled person load their groceries into their car","0",2,5,7,6,7,4,3,2,8,2
5,17,"Ride a bike rather than drive a car","1",2,3,2,3,7,3,2,2,7,3
5,18,"Help an older person cross the road","0",2,7,5,4,3,7,4,2,7,2
5,19,"Donate a significant amount of money to charity","1",2,4,7,3,7,4,3,2,8,3
5,20,"Volunteer at least once a month in a hospital","1",4,3,6,3,6,4,3,3,7,2
5,21,"Volunteer at least once a month at a shelter","1",3,3,7,3,7,3,3,2,7,2
5,22,"Have unsafe sex","3",6,3,4,4,3,7,2,2,1,8
5,23,"Skip class for fun","3",7,3,6,4,7,3,3,2,4,5
5,24,"Drink too much alcohol","3",3,2,6,2,7,4,2,2,4,6
5,25,"Not leave a tip after dining out","3",5,3,3,6,8,2,3,2,8,2
5,26,"Gamble on a semifrequent occasion","3",3,2,6,2,1,9,3,3,2,6
5,27,"Make a small mistake, then let someone else take the blame","3",7,3,8,4,7,7,2,5,2,6
5,28,"Occasionally gossip about friends","3",5,3,3,5,8,3,2,3,3,5
6,1,"Obey traffic lights at an intersection","0",1,5,1,5,8,1,5,3,9,1
6,2,"Obey stop signs at a 4way stop","0",1,6,1,5,9,1,5,1,9,1
6,3,"Pay taxes on earned income","0",1,6,1,6,9,1,2,1,2,2
6,4,"Provide basic care for a family pet","0",NA,NA,NA,NA,NA,NA,NA,NA,NA,NA
6,5,"Be loving and caring towards one's kids","0",1,6,3,7,9,1,5,1,9,1
6,6,"Signal when changing lanes in front of other drivers","0",NA,NA,NA,NA,NA,NA,NA,NA,NA,NA
6,7,"Be loyal to a romantic partner","0",1,7,9,2,2,9,1,1,2,7
6,8,"Murder a family member","2",8,1,7,1,1,9,1,1,2,7
6,9,"Sexually harass a coworker","2",8,1,6,2,1,9,2,5,1,8
6,10,"Kidnap a child and hold them hostage","2",9,1,9,1,1,9,1,2,1,8
6,11,"Emotionally abuse a child","2",9,1,9,1,1,9,1,5,1,8
6,12,"Rob a store at gunpoint","2",9,1,9,1,1,9,1,5,1,8
6,13,"Steal an expensive car","2",8,1,9,1,1,9,2,5,1,8
6,14,"Knowingly spread an STD","2",9,1,9,2,1,9,1,2,1,8
6,15,"Be punctual/on time when meeting friends","1",1,5,5,3,8,2,6,4,9,1
6,16,"Help a physically disabled person load their groceries into their car","1",1,1,9,1,5,5,9,4,8,1
6,17,"Ride a bike rather than drive a car","4",1,1,6,1,5,5,1,1,5,1
6,18,"Help an older person cross the road","1",1,1,9,1,4,7,9,5,8,1
6,19,"Donate a significant amount of money to charity","1",1,1,8,1,5,4,9,4,8,1
6,20,"Volunteer at least once a month in a hospital","1",1,1,9,1,3,7,9,4,7,1
6,21,"Volunteer at least once a month at a shelter","1",1,1,9,1,5,5,9,4,7,1
6,22,"Have unsafe sex","3",7,1,6,1,1,9,1,5,1,8
6,23,"Skip class for fun","3",1,1,3,1,8,2,5,5,9,2
6,24,"Drink too much alcohol","3",1,1,1,8,7,8,6,4,7,2
6,25,"Not leave a tip after dining out","1",6,1,9,1,1,9,1,3,1,8
6,26,"Gamble on a semifrequent occasion","2",3,1,4,3,1,9,1,5,2,6
6,27,"Make a small mistake, then let someone else take the blame","4",5,1,1,1,8,2,1,2,2,7
6,28,"Occasionally gossip about friends","3",2,1,2,1,3,6,2,4,5,6
7,1,"Obey traffic lights at an intersection","1",1,8,5,4,6,4,6,3,9,1
7,2,"Obey stop signs at a 4way stop","1",1,8,2,2,7,2,5,1,NA,1
7,3,"Pay taxes on earned income","1",1,3,8,5,6,4,2,1,6,2
7,4,"Provide basic care for a family pet","0",1,8,2,8,8,2,7,1,9,1
7,5,"Be loving and caring towards one's kids","0",1,8,7,8,9,1,9,1,9,8
7,6,"Signal when changing lanes in front of other drivers","1",1,5,5,2,8,1,5,3,9,1
7,7,"Be loyal to a romantic partner","0",1,8,9,8,9,1,9,1,9,1
7,8,"Murder a family member","2",9,1,9,1,1,9,1,5,1,8
7,9,"Sexually harass a coworker","2",9,1,9,2,1,9,1,1,1,8
7,10,"Kidnap a child and hold them hostage","2",9,1,9,1,1,9,1,2,1,8
7,11,"Emotionally abuse a child","2",9,1,9,3,1,9,1,5,1,8
7,12,"Rob a store at gunpoint","2",9,1,9,1,1,9,1,4,1,8
7,13,"Steal an expensive car","3",9,1,9,1,1,9,1,3,1,8
7,14,"Knowingly spread an STD","2",9,1,9,8,1,9,1,8,1,8
7,15,"Be punctual/on time when meeting friends","0",1,5,6,5,2,9,6,3,9,1
7,16,"Help a physically disabled person load their groceries into their car","0",1,3,9,1,5,5,9,4,5,4
7,17,"Ride a bike rather than drive a car","1",1,1,5,4,2,8,5,5,5,4
7,18,"Help an older person cross the road","1",1,4,9,1,5,8,9,4,9,1
7,19,"Donate a significant amount of money to charity","1",1,1,9,1,3,8,9,4,5,4
7,20,"Volunteer at least once a month in a hospital","4",1,1,9,1,5,5,9,4,6,4
7,21,"Volunteer at least once a month at a shelter","4",1,1,9,1,3,7,9,4,5,4
7,22,"Have unsafe sex","3",3,1,9,1,1,9,1,6,1,8
7,23,"Skip class for fun","3",4,1,1,7,7,7,2,8,5,4
7,24,"Drink too much alcohol","3",2,2,5,4,9,2,5,4,5,4
7,25,"Not leave a tip after dining out","3",9,1,9,1,1,9,1,5,1,8
7,26,"Gamble on a semifrequent occasion","3",7,1,9,7,1,NA,1,5,1,8
7,27,"Make a small mistake, then let someone else take the blame","3",6,1,7,6,1,9,3,8,1,8
7,28,"Occasionally gossip about friends","3",4,1,9,8,6,3,1,8,4,6
8,1,"Obey traffic lights at an intersection","0",1,8,1,8,9,1,1,1,9,1
8,2,"Obey stop signs at a 4way stop","0",1,8,1,8,9,1,1,1,9,1
8,3,"Pay taxes on earned income","0",NA,NA,NA,NA,NA,NA,NA,NA,NA,NA
8,4,"Provide basic care for a family pet","0",1,8,5,4,9,1,5,1,9,1
8,5,"Be loving and caring towards one's kids","0",1,8,1,8,9,1,6,1,9,1
8,6,"Signal when changing lanes in front of other drivers","0",1,6,1,8,9,1,1,1,9,1
8,7,"Be loyal to a romantic partner","0",1,8,9,8,9,1,5,1,9,1
8,8,"Murder a family member","2",9,1,9,1,1,9,1,1,1,8
8,9,"Sexually harass a coworker","2",9,1,9,1,1,9,1,1,1,8
8,10,"Kidnap a child and hold them hostage","2",9,1,9,1,1,9,1,1,1,8
8,11,"Emotionally abuse a child","2",9,1,9,1,1,9,1,8,1,8
8,12,"Rob a store at gunpoint","2",9,1,9,1,1,9,1,1,1,8
8,13,"Steal an expensive car","2",9,1,9,1,1,9,1,1,1,8
8,14,"Knowingly spread an STD","2",9,1,9,1,1,9,1,8,1,8
8,15,"Be punctual/on time when meeting friends","1",1,3,9,6,9,1,4,1,9,1
8,16,"Help a physically disabled person load their groceries into their car","1",1,8,9,1,2,8,9,4,6,4
8,17,"Ride a bike rather than drive a car","4",NA,NA,NA,NA,NA,NA,NA,NA,NA,NA
8,18,"Help an older person cross the road","1",1,1,1,1,3,3,1,1,9,1
8,19,"Donate a significant amount of money to charity","1",1,1,9,1,1,9,9,1,5,4
8,20,"Volunteer at least once a month in a hospital","1",1,1,9,1,1,9,9,5,9,1
8,21,"Volunteer at least once a month at a shelter","1",1,1,9,1,1,9,9,1,6,1
8,22,"Have unsafe sex","3",5,4,4,4,3,4,5,4,4,4
8,23,"Skip class for fun","3",1,1,1,1,1,9,1,1,1,8
8,24,"Drink too much alcohol","3",1,1,9,1,2,8,1,1,1,8
8,25,"Not leave a tip after dining out","2",8,2,7,3,1,9,2,7,1,8
8,26,"Gamble on a semifrequent occasion","2",3,4,7,3,1,NA,3,3,3,5
8,27,"Make a small mistake, then let someone else take the blame","3",6,3,5,4,6,4,3,6,1,8
8,28,"Occasionally gossip about friends","2",1,1,1,1,9,1,1,1,1,6
9,1,"Obey traffic lights at an intersection","0",1,6,5,1,8,2,7,3,9,1
9,2,"Obey stop signs at a 4way stop","0",1,5,9,1,8,2,1,1,9,1
9,3,"Pay taxes on earned income","0",1,8,5,4,9,1,9,1,9,1
9,4,"Provide basic care for a family pet","0",1,6,8,1,9,1,8,2,9,1
9,5,"Be loving and caring towards one's kids","0",1,8,9,8,9,1,9,1,9,8
9,6,"Signal when changing lanes in front of other drivers","0",1,2,1,1,7,3,6,1,9,1
9,7,"Be loyal to a romantic partner","0",1,8,9,NA,9,1,9,1,9,1
9,8,"Murder a family member","2",9,1,9,3,1,9,1,6,1,8
9,9,"Sexually harass a coworker","2",9,1,9,8,1,9,1,8,1,8
9,10,"Kidnap a child and hold them hostage","2",9,3,9,4,1,9,1,3,1,8
9,11,"Emotionally abuse a child","2",9,1,9,8,2,2,1,8,1,8
9,12,"Rob a store at gunpoint","2",9,1,9,8,1,9,1,8,1,8
9,13,"Steal an expensive car","2",9,1,9,1,1,9,1,5,1,8
9,14,"Knowingly spread an STD","2",9,4,9,4,1,9,1,4,1,8
9,15,"Be punctual/on time when meeting friends","1",1,1,1,5,9,1,2,2,3,6
9,16,"Help a physically disabled person load their groceries into their car","1",1,8,9,6,8,2,9,3,9,1
9,17,"Ride a bike rather than drive a car","1",1,5,9,2,1,9,9,4,9,1
9,18,"Help an older person cross the road","1",1,7,9,3,4,6,9,2,9,1
9,19,"Donate a significant amount of money to charity","1",1,5,9,3,7,3,9,3,9,1
9,20,"Volunteer at least once a month in a hospital","1",1,6,9,2,3,7,9,4,NA,2
9,21,"Volunteer at least once a month at a shelter","1",1,5,9,4,3,7,9,3,9,1
9,22,"Have unsafe sex","3",4,3,1,1,9,1,3,6,1,8
9,23,"Skip class for fun","3",6,1,6,8,7,3,1,8,6,3
9,24,"Drink too much alcohol","3",5,1,5,8,2,8,1,8,5,8
9,25,"Not leave a tip after dining out","3",8,1,9,1,1,9,1,1,1,8
9,26,"Gamble on a semifrequent occasion","2",3,6,9,8,3,7,1,8,1,8
9,27,"Make a small mistake, then let someone else take the blame","3",6,1,5,6,3,7,2,8,3,6
9,28,"Occasionally gossip about friends","3",5,1,4,8,6,4,4,8,1,8
10,1,"Obey traffic lights at an intersection","0",1,6,5,5,8,2,5,1,1,8
10,2,"Obey stop signs at a 4way stop","0",1,4,2,4,6,3,3,1,9,1
10,3,"Pay taxes on earned income","0",1,5,5,4,7,3,7,1,6,2
10,4,"Provide basic care for a family pet","1",1,5,4,4,7,3,5,1,7,3
10,5,"Be loving and caring towards one's kids","0",1,8,8,7,7,3,8,1,9,1
10,6,"Signal when changing lanes in front of other drivers","1",1,4,4,4,6,3,4,1,9,1
10,7,"Be loyal to a romantic partner","0",1,1,7,8,3,7,7,2,8,2
10,8,"Murder a family member","2",9,1,8,1,2,9,1,1,1,8
10,9,"Sexually harass a coworker","2",7,1,6,2,5,5,1,2,2,7
10,10,"Kidnap a child and hold them hostage","2",9,1,8,2,2,8,1,1,2,7
10,11,"Emotionally abuse a child","2",9,1,8,5,2,8,1,3,1,8
10,12,"Rob a store at gunpoint","2",4,1,5,1,2,8,1,1,3,7
10,13,"Steal an expensive car","2",7,1,5,1,1,9,1,2,1,8
10,14,"Knowingly spread an STD","2",9,2,7,6,3,7,3,6,1,7
10,15,"Be punctual/on time when meeting friends","0",1,5,7,7,5,5,6,1,8,2
10,16,"Help a physically disabled person load their groceries into their car","1",1,4,7,5,6,4,7,2,8,2
10,17,"Ride a bike rather than drive a car","4",1,2,3,1,3,8,3,1,4,4
10,18,"Help an older person cross the road","1",7,4,6,5,4,5,7,2,6,3
10,19,"Donate a significant amount of money to charity","4",1,2,5,2,6,5,9,1,4,4
10,20,"Volunteer at least once a month in a hospital","1",1,1,2,2,2,8,7,2,5,4
10,21,"Volunteer at least once a month at a shelter","1",1,2,5,2,3,6,5,1,6,3
10,22,"Have unsafe sex","3",5,1,4,6,6,4,5,6,4,4
10,23,"Skip class for fun","4",3,1,6,4,4,5,1,4,4,5
10,24,"Drink too much alcohol","4",4,1,5,3,8,2,2,2,5,4
10,25,"Not leave a tip after dining out","3",5,1,6,3,7,3,1,4,6,2
10,26,"Gamble on a semifrequent occasion","3",4,1,3,3,6,3,2,3,4,5
10,27,"Make a small mistake, then let someone else take the blame","3",7,1,8,7,7,4,1,7,2,7
10,28,"Occasionally gossip about friends","3",6,2,7,7,6,3,2,5,3,6
11,1,"Obey traffic lights at an intersection","0",1,3,1,1,7,3,1,1,9,1
11,2,"Obey stop signs at a 4way stop","0",1,7,1,1,9,3,1,1,9,1
11,3,"Pay taxes on earned income","0",1,7,1,1,9,1,1,1,9,1
11,4,"Provide basic care for a family pet","0",1,7,1,5,9,NA,1,1,9,1
11,5,"Be loving and caring towards one's kids","0",1,7,1,3,9,1,3,1,9,1
11,6,"Signal when changing lanes in front of other drivers","0",1,2,1,1,8,2,1,1,9,1
11,7,"Be loyal to a romantic partner","1",1,8,1,1,7,3,1,1,9,1
11,8,"Murder a family member","2",9,1,3,1,1,9,1,1,1,8
11,9,"Sexually harass a coworker","2",8,1,4,1,1,9,1,1,1,8
11,10,"Kidnap a child and hold them hostage","2",9,2,3,1,2,9,1,2,1,8
11,11,"Emotionally abuse a child","2",8,2,3,2,3,7,1,2,1,8
11,12,"Rob a store at gunpoint","2",8,1,1,1,1,9,1,1,1,8
11,13,"Steal an expensive car","2",9,1,1,1,1,9,1,1,1,8
11,14,"Knowingly spread an STD","2",9,1,6,1,2,8,1,1,1,8
11,15,"Be punctual/on time when meeting friends","1",1,3,4,4,6,4,2,1,9,1
11,16,"Help a physically disabled person load their groceries into their car","1",1,3,5,2,3,6,4,1,9,1
11,17,"Ride a bike rather than drive a car","1",1,1,1,1,3,7,1,1,5,3
11,18,"Help an older person cross the road","1",1,3,5,3,6,3,4,1,9,1
11,19,"Donate a significant amount of money to charity","4",1,1,1,1,5,5,4,1,7,1
11,20,"Volunteer at least once a month in a hospital","1",1,1,2,1,2,8,3,1,6,3
11,21,"Volunteer at least once a month at a shelter","1",1,1,4,1,6,4,6,1,9,1
11,22,"Have unsafe sex","3",3,1,1,1,9,1,1,1,1,8
11,23,"Skip class for fun","3",2,1,1,1,8,2,1,1,2,7
11,24,"Drink too much alcohol","4",5,1,2,2,8,2,1,1,2,7
11,25,"Not leave a tip after dining out","3",3,1,1,1,2,8,1,1,2,7
11,26,"Gamble on a semifrequent occasion","4",5,1,3,1,6,4,1,1,1,8
11,27,"Make a small mistake, then let someone else take the blame","3",7,1,4,1,2,8,1,1,1,8
11,28,"Occasionally gossip about friends","2",3,1,1,1,9,1,1,1,2,7
12,1,"Obey traffic lights at an intersection","0",1,8,4,8,9,1,5,1,9,1
12,2,"Obey stop signs at a 4way stop","0",1,8,5,7,9,1,3,1,9,1
12,3,"Pay taxes on earned income","0",1,8,5,8,9,1,6,1,9,1
12,4,"Provide basic care for a family pet","0",1,8,1,8,9,1,4,1,9,1
12,5,"Be loving and caring towards one's kids","0",1,8,9,8,7,3,9,1,9,1
12,6,"Signal when changing lanes in front of other drivers","0",1,6,4,5,5,5,7,1,9,1
12,7,"Be loyal to a romantic partner","1",1,8,9,8,9,1,7,1,9,1
12,8,"Murder a family member","2",9,1,9,1,1,9,1,1,1,8
12,9,"Sexually harass a coworker","2",9,1,9,4,1,9,1,6,1,8
12,10,"Kidnap a child and hold them hostage","2",9,1,9,1,1,9,1,1,1,8
12,11,"Emotionally abuse a child","2",9,1,9,3,8,2,1,4,1,8
12,12,"Rob a store at gunpoint","2",9,1,9,1,1,9,1,1,1,8
12,13,"Steal an expensive car","2",9,1,9,1,1,9,1,1,1,8
12,14,"Knowingly spread an STD","2",9,1,9,1,1,9,1,1,1,8
12,15,"Be punctual/on time when meeting friends","1",1,5,6,6,4,6,7,1,9,1
12,16,"Help a physically disabled person load their groceries into their car","1",1,1,9,3,3,7,7,1,6,4
12,17,"Ride a bike rather than drive a car","1",1,1,6,1,1,9,7,1,5,4
12,18,"Help an older person cross the road","1",1,2,4,2,1,9,9,1,5,4
12,19,"Donate a significant amount of money to charity","1",1,1,5,1,3,7,NA,1,6,3
12,20,"Volunteer at least once a month in a hospital","1",1,1,9,1,1,9,9,1,6,4
12,21,"Volunteer at least once a month at a shelter","1",1,1,9,2,1,9,9,1,7,3
12,22,"Have unsafe sex","3",7,1,3,6,3,7,1,6,1,8
12,23,"Skip class for fun","3",3,1,2,2,3,6,1,6,2,7
12,24,"Drink too much alcohol","3",4,1,1,3,7,4,1,5,3,6
12,25,"Not leave a tip after dining out","3",4,1,9,1,1,9,1,4,9,1
12,26,"Gamble on a semifrequent occasion","3",3,1,3,3,3,7,1,3,3,5
12,27,"Make a small mistake, then let someone else take the blame","3",9,1,7,6,1,9,NA,7,1,8
12,28,"Occasionally gossip about friends","3",5,1,4,8,5,5,1,5,1,8
13,1,"Obey traffic lights at an intersection","0",1,7,5,6,9,1,1,1,9,1
13,2,"Obey stop signs at a 4way stop","0",1,7,1,6,9,2,2,1,9,1
13,3,"Pay taxes on earned income","0",1,7,2,7,9,1,2,1,9,1
13,4,"Provide basic care for a family pet","0",1,8,7,8,9,1,5,1,9,1
13,5,"Be loving and caring towards one's kids","0",1,7,5,8,9,1,6,1,9,1
13,6,"Signal when changing lanes in front of other drivers","0",1,3,4,5,9,3,7,1,9,1
13,7,"Be loyal to a romantic partner","1",1,7,3,7,9,2,6,1,8,2
13,8,"Murder a family member","2",9,2,9,3,1,9,1,2,1,8
13,9,"Sexually harass a coworker","2",8,2,7,1,1,9,1,2,2,8
13,10,"Kidnap a child and hold them hostage","2",9,3,9,3,1,9,1,3,1,8
13,11,"Emotionally abuse a child","2",9,3,9,4,2,8,1,3,1,8
13,12,"Rob a store at gunpoint","2",9,4,8,1,1,9,1,4,1,8
13,13,"Steal an expensive car","2",9,4,8,1,1,9,1,4,1,8
13,14,"Knowingly spread an STD","2",9,2,8,3,1,9,1,6,1,8
13,15,"Be punctual/on time when meeting friends","1",1,3,3,6,7,6,2,1,7,2
13,16,"Help a physically disabled person load their groceries into their car","1",1,2,8,5,7,6,9,3,5,4
13,17,"Ride a bike rather than drive a car","4",1,1,7,1,4,7,2,2,5,3
13,18,"Help an older person cross the road","1",1,5,8,6,8,2,9,3,6,2
13,19,"Donate a significant amount of money to charity","4",1,2,8,5,5,7,9,3,4,4
13,20,"Volunteer at least once a month in a hospital","1",1,2,8,2,5,7,9,2,6,3
13,21,"Volunteer at least once a month at a shelter","1",1,1,8,2,5,7,9,4,6,3
13,22,"Have unsafe sex","4",7,1,5,5,6,7,1,5,3,6
13,23,"Skip class for fun","3",6,1,7,6,6,7,4,1,5,5
13,24,"Drink too much alcohol","3",2,1,4,4,7,7,5,5,7,3
13,25,"Not leave a tip after dining out","4",8,1,7,3,2,8,1,6,1,8
13,26,"Gamble on a semifrequent occasion","3",6,1,5,2,5,6,3,3,4,4
13,27,"Make a small mistake, then let someone else take the blame","3",6,1,7,6,5,7,3,6,5,5
13,28,"Occasionally gossip about friends","3",1,1,6,6,8,4,1,5,5,4
14,1,"Obey traffic lights at an intersection","0",1,7,1,1,9,3,2,1,9,1
14,2,"Obey stop signs at a 4way stop","0",1,6,4,3,8,2,7,1,9,1
14,3,"Pay taxes on earned income","0",1,7,5,7,9,1,3,1,9,1
14,4,"Provide basic care for a family pet","0",1,7,3,7,9,1,7,1,8,1
14,5,"Be loving and caring towards one's kids","0",1,7,9,8,9,2,7,1,9,1
14,6,"Signal when changing lanes in front of other drivers","1",1,6,4,1,8,2,2,2,9,1
14,7,"Be loyal to a romantic partner","1",1,8,9,8,9,1,7,1,9,1
14,8,"Murder a family member","2",9,1,9,2,1,9,1,1,1,8
14,9,"Sexually harass a coworker","2",9,1,8,2,1,9,1,2,1,8
14,10,"Kidnap a child and hold them hostage","2",9,1,9,2,2,7,1,2,1,8
14,11,"Emotionally abuse a child","2",9,1,9,1,1,9,1,3,1,8
14,12,"Rob a store at gunpoint","2",9,1,9,2,1,9,1,1,1,8
14,13,"Steal an expensive car","2",9,1,9,1,1,9,1,1,1,8
14,14,"Knowingly spread an STD","2",9,1,9,3,1,9,1,4,1,8
14,15,"Be punctual/on time when meeting friends","1",1,7,4,7,6,4,5,1,8,1
14,16,"Help a physically disabled person load their groceries into their car","1",1,7,9,4,8,2,7,1,8,1
14,17,"Ride a bike rather than drive a car","1",2,4,7,1,2,8,9,2,6,6
14,18,"Help an older person cross the road","1",1,5,7,4,8,3,8,2,8,1
14,19,"Donate a significant amount of money to charity","1",1,2,8,2,6,4,9,1,6,3
14,20,"Volunteer at least once a month in a hospital","1",1,3,8,2,8,2,8,2,8,2
14,21,"Volunteer at least once a month at a shelter","1",1,2,7,1,6,4,7,1,8,1
14,22,"Have unsafe sex","3",5,1,2,2,1,9,3,2,1,8
14,23,"Skip class for fun","3",1,1,4,1,7,3,1,2,3,6
14,24,"Drink too much alcohol","3",4,1,4,1,3,8,3,1,3,3
14,25,"Not leave a tip after dining out","3",8,1,9,2,1,9,1,3,1,8
14,26,"Gamble on a semifrequent occasion","2",2,1,2,1,2,8,2,1,2,7
14,27,"Make a small mistake, then let someone else take the blame","4",7,1,8,4,1,8,1,2,1,8
14,28,"Occasionally gossip about friends","2",2,1,4,4,8,3,1,3,3,6
15,1,"Obey traffic lights at an intersection","0",1,6,1,7,8,2,1,1,9,1
15,2,"Obey stop signs at a 4way stop","0",1,6,2,6,9,1,2,1,9,1
15,3,"Pay taxes on earned income","0",1,7,1,8,9,1,2,1,9,1
15,4,"Provide basic care for a family pet","0",1,8,4,8,9,1,3,1,9,1
15,5,"Be loving and caring towards one's kids","0",1,8,8,8,9,2,7,1,9,1
15,6,"Signal when changing lanes in front of other drivers","0",1,3,1,4,8,2,1,1,9,1
15,7,"Be loyal to a romantic partner","0",1,8,7,8,7,3,8,1,9,1
15,8,"Murder a family member","2",9,1,9,1,1,9,1,4,1,8
15,9,"Sexually harass a coworker","2",9,1,9,1,2,8,1,1,1,8
15,10,"Kidnap a child and hold them hostage","2",9,1,9,1,1,9,1,2,1,8
15,11,"Emotionally abuse a child","2",9,1,9,2,1,9,1,4,1,8
15,12,"Rob a store at gunpoint","2",9,1,9,2,1,9,1,2,1,8
15,13,"Steal an expensive car","2",9,1,9,2,1,9,1,3,1,8
15,14,"Knowingly spread an STD","2",9,1,9,1,1,9,1,4,1,8
15,15,"Be punctual/on time when meeting friends","1",1,5,4,5,5,5,4,1,9,1
15,16,"Help a physically disabled person load their groceries into their car","1",1,6,8,7,5,4,8,2,9,1
15,17,"Ride a bike rather than drive a car","1",1,1,4,1,1,9,1,1,6,1
15,18,"Help an older person cross the road","1",1,6,9,6,2,8,8,2,9,1
15,19,"Donate a significant amount of money to charity","1",1,4,8,3,3,7,7,3,7,1
15,20,"Volunteer at least once a month in a hospital","1",1,3,8,4,2,8,8,1,9,1
15,21,"Volunteer at least once a month at a shelter","1",1,4,9,4,2,8,8,3,9,1
15,22,"Have unsafe sex","4",4,1,6,6,3,8,1,2,1,8
15,23,"Skip class for fun","3",2,1,4,5,5,5,1,2,4,5
15,24,"Drink too much alcohol","3",1,1,5,6,9,2,1,3,3,5
15,25,"Not leave a tip after dining out","4",9,1,9,2,1,9,1,2,1,8
15,26,"Gamble on a semifrequent occasion","2",2,1,8,1,4,5,1,3,2,6
15,27,"Make a small mistake, then let someone else take the blame","3",8,1,9,6,4,5,1,4,2,8
15,28,"Occasionally gossip about friends","3",1,1,2,5,9,1,1,3,2,7
16,1,"Obey traffic lights at an intersection","0",1,5,1,3,9,2,3,1,9,1
16,2,"Obey stop signs at a 4way stop","0",1,6,3,3,9,3,5,1,9,1
16,3,"Pay taxes on earned income","0",1,7,1,5,9,2,7,1,9,1
16,4,"Provide basic care for a family pet","0",1,8,5,8,9,1,7,1,9,1
16,5,"Be loving and caring towards one's kids","0",1,7,5,2,9,2,8,1,9,1
16,6,"Signal when changing lanes in front of other drivers","0",1,4,1,3,7,5,3,1,9,1
16,7,"Be loyal to a romantic partner","1",1,6,7,7,9,1,8,1,9,1
16,8,"Murder a family member","2",8,1,6,3,1,9,1,6,1,7
16,9,"Sexually harass a coworker","2",9,1,7,2,1,9,1,3,1,8
16,10,"Kidnap a child and hold them hostage","2",9,1,7,1,1,9,1,3,1,8
16,11,"Emotionally abuse a child","2",8,1,8,3,1,9,1,7,1,8
16,12,"Rob a store at gunpoint","2",9,1,6,1,1,9,1,3,1,8
16,13,"Steal an expensive car","2",8,1,4,3,1,9,1,6,1,8
16,14,"Knowingly spread an STD","2",9,1,8,1,1,9,1,4,1,8
16,15,"Be punctual/on time when meeting friends","1",1,2,4,4,6,6,5,1,9,1
16,16,"Help a physically disabled person load their groceries into their car","1",1,3,6,1,6,8,9,1,6,1
16,17,"Ride a bike rather than drive a car","1",1,1,6,1,4,9,9,1,6,1
16,18,"Help an older person cross the road","1",1,6,5,5,4,6,7,3,7,3
16,19,"Donate a significant amount of money to charity","1",1,1,7,3,4,9,9,3,8,1
16,20,"Volunteer at least once a month in a hospital","1",1,2,6,1,2,8,8,1,7,1
16,21,"Volunteer at least once a month at a shelter","1",1,1,6,1,4,9,9,1,9,1
16,22,"Have unsafe sex","3",4,1,5,3,3,9,1,4,1,8
16,23,"Skip class for fun","3",3,1,5,5,3,9,1,6,3,6
16,24,"Drink too much alcohol","3",6,1,5,4,3,7,6,5,1,8
16,25,"Not leave a tip after dining out","3",5,1,5,2,3,9,1,5,1,8
16,26,"Gamble on a semifrequent occasion","3",6,1,5,2,1,9,3,4,1,8
16,27,"Make a small mistake, then let someone else take the blame","3",7,1,7,6,5,5,1,8,1,8
16,28,"Occasionally gossip about friends","3",7,1,5,7,6,4,2,6,2,7
17,1,"Obey traffic lights at an intersection","0",1,5,6,5,8,2,7,1,9,1
17,2,"Obey stop signs at a 4way stop","0",1,6,5,6,9,1,9,1,9,1
17,3,"Pay taxes on earned income","0",1,5,3,5,9,2,9,3,9,7
17,4,"Provide basic care for a family pet","0",1,8,6,8,9,1,6,1,9,1
17,5,"Be loving and caring towards one's kids","0",1,8,7,8,9,1,9,1,9,1
17,6,"Signal when changing lanes in front of other drivers","0",1,6,6,6,8,3,9,1,9,1
17,7,"Be loyal to a romantic partner","0",1,8,6,8,9,1,9,1,9,1
17,8,"Murder a family member","2",9,1,9,1,1,9,1,5,1,8
17,9,"Sexually harass a coworker","2",8,1,7,6,1,9,1,5,1,8
17,10,"Kidnap a child and hold them hostage","2",NA,1,9,1,1,9,1,6,1,8
17,11,"Emotionally abuse a child","2",9,1,9,1,1,9,1,5,1,8
17,12,"Rob a store at gunpoint","2",9,1,9,1,1,9,1,5,1,8
17,13,"Steal an expensive car","2",9,1,9,3,1,9,1,5,1,8
17,14,"Knowingly spread an STD","2",9,1,9,3,1,9,1,8,1,8
17,15,"Be punctual/on time when meeting friends","0",1,6,7,6,8,6,9,3,9,1
17,16,"Help a physically disabled person load their groceries into their car","1",1,6,8,6,6,4,7,2,7,1
17,17,"Ride a bike rather than drive a car","1",1,5,6,2,4,9,9,5,6,1
17,18,"Help an older person cross the road","1",1,5,8,6,7,2,8,2,9,1
17,19,"Donate a significant amount of money to charity","1",1,1,9,1,2,8,9,4,5,1
17,20,"Volunteer at least once a month in a hospital","1",1,1,8,4,2,8,9,4,6,1
17,21,"Volunteer at least once a month at a shelter","1",1,2,9,2,3,9,9,4,6,1
17,22,"Have unsafe sex","2",9,1,6,6,1,9,1,8,1,8
17,23,"Skip class for fun","2",7,1,6,8,6,9,1,8,1,8
17,24,"Drink too much alcohol","3",8,1,4,6,6,8,2,8,3,7
17,25,"Not leave a tip after dining out","3",9,1,6,4,1,9,1,5,2,7
17,26,"Gamble on a semifrequent occasion","3",6,1,5,4,1,9,1,1,3,5
17,27,"Make a small mistake, then let someone else take the blame","3",7,1,6,8,2,9,1,8,1,8
17,28,"Occasionally gossip about friends","2",9,1,8,6,5,6,1,8,1,8
18,1,"Obey traffic lights at an intersection","0",1,8,1,6,9,3,2,1,9,1
18,2,"Obey stop signs at a 4way stop","0",1,7,1,2,9,1,2,1,9,1
18,3,"Pay taxes on earned income","0",1,8,1,8,9,1,1,1,8,2
18,4,"Provide basic care for a family pet","0",1,6,1,6,9,1,2,1,8,2
18,5,"Be loving and caring towards one's kids","0",1,8,4,2,9,1,7,1,9,1
18,6,"Signal when changing lanes in front of other drivers","0",1,8,1,4,7,2,2,1,8,2
18,7,"Be loyal to a romantic partner","1",9,1,9,8,9,1,1,7,1,8
18,8,"Murder a family member","2",9,1,9,1,1,9,1,2,1,8
18,9,"Sexually harass a coworker","2",9,1,9,1,1,9,1,1,1,8
18,10,"Kidnap a child and hold them hostage","2",9,1,8,3,1,9,1,1,1,8
18,11,"Emotionally abuse a child","2",9,1,7,2,1,9,1,4,1,8
18,12,"Rob a store at gunpoint","2",9,1,8,1,1,9,1,2,1,8
18,13,"Steal an expensive car","2",9,1,7,1,1,9,1,2,1,7
18,14,"Knowingly spread an STD","2",9,1,1,1,1,9,1,6,1,8
18,15,"Be punctual/on time when meeting friends","1",2,8,8,7,2,8,5,8,9,1
18,16,"Help a physically disabled person load their groceries into their car","1",1,3,9,6,3,7,9,2,8,2
18,17,"Ride a bike rather than drive a car","1",1,1,2,2,2,8,7,4,6,2
18,18,"Help an older person cross the road","1",1,4,7,1,6,3,8,4,9,1
18,19,"Donate a significant amount of money to charity","1",1,3,1,1,9,1,8,3,8,1
18,20,"Volunteer at least once a month in a hospital","1",1,1,8,1,1,9,8,5,8,3
18,21,"Volunteer at least once a month at a shelter","1",1,4,8,2,2,8,9,2,8,2
18,22,"Have unsafe sex","3",8,2,2,2,2,8,2,7,2,7
18,23,"Skip class for fun","3",5,4,7,6,8,2,5,4,5,3
18,24,"Drink too much alcohol","3",8,1,9,8,3,7,5,7,5,4
18,25,"Not leave a tip after dining out","3",9,1,9,2,1,9,1,3,2,6
18,26,"Gamble on a semifrequent occasion","2",6,2,7,6,2,8,2,6,3,5
18,27,"Make a small mistake, then let someone else take the blame","3",8,1,7,6,6,4,3,7,3,6
18,28,"Occasionally gossip about friends","3",7,2,8,1,4,7,2,3,2,7
19,1,"Obey traffic lights at an intersection","1",6,3,5,4,6,3,6,3,8,2
19,2,"Obey stop signs at a 4way stop","1",5,4,5,4,6,4,5,4,7,3
19,3,"Pay taxes on earned income","0",1,6,6,7,9,1,3,1,9,1
19,4,"Provide basic care for a family pet","0",1,NA,6,8,9,1,5,1,9,1
19,5,"Be loving and caring towards one's kids","1",9,2,6,8,8,1,6,1,9,1
19,6,"Signal when changing lanes in front of other drivers","0",2,7,7,6,6,7,6,1,9,1
19,7,"Be loyal to a romantic partner","1",9,1,7,6,9,1,9,2,9,8
19,8,"Murder a family member","2",9,1,NA,1,1,9,1,1,1,8
19,9,"Sexually harass a coworker","2",8,1,9,3,1,9,1,5,1,8
19,10,"Kidnap a child and hold them hostage","2",9,1,9,1,1,9,1,1,1,8
19,11,"Emotionally abuse a child","2",9,1,9,3,1,1,1,6,1,8
19,12,"Rob a store at gunpoint","2",9,1,6,1,1,1,1,2,1,8
19,13,"Steal an expensive car","2",9,1,6,1,1,9,1,2,1,8
19,14,"Knowingly spread an STD","2",9,1,9,3,1,9,1,5,1,8
19,15,"Be punctual/on time when meeting friends","1",1,6,7,7,6,4,7,1,9,8
19,16,"Help a physically disabled person load their groceries into their car","1",1,6,8,5,6,3,9,1,9,1
19,17,"Ride a bike rather than drive a car","1",5,4,5,5,5,5,6,4,5,5
19,18,"Help an older person cross the road","1",1,2,7,2,3,3,9,1,6,1
19,19,"Donate a significant amount of money to charity","1",1,5,8,7,9,8,8,2,9,1
19,20,"Volunteer at least once a month in a hospital","1",1,1,7,1,7,2,8,1,6,3
19,21,"Volunteer at least once a month at a shelter","1",1,1,8,5,3,8,9,1,8,2
19,22,"Have unsafe sex","4",3,1,7,3,2,8,1,5,1,8
19,23,"Skip class for fun","3",2,1,6,6,6,4,1,5,4,7
19,24,"Drink too much alcohol","3",6,3,5,4,7,4,3,5,6,4
19,25,"Not leave a tip after dining out","4",9,1,9,3,1,9,1,5,1,8
19,26,"Gamble on a semifrequent occasion","3",4,5,6,4,2,8,5,4,3,7
19,27,"Make a small mistake, then let someone else take the blame","3",7,2,7,8,6,5,3,7,2,7
19,28,"Occasionally gossip about friends","3",3,3,3,7,6,4,2,7,6,3
20,1,"Obey traffic lights at an intersection","0",1,8,1,8,9,1,5,1,9,8
20,2,"Obey stop signs at a 4way stop","0",1,8,1,8,9,1,3,1,9,1
20,3,"Pay taxes on earned income","0",1,8,5,8,9,1,7,1,9,1
20,4,"Provide basic care for a family pet","0",1,8,1,8,9,1,7,1,9,1
20,5,"Be loving and caring towards one's kids","0",1,8,7,8,9,1,9,1,9,1
20,6,"Signal when changing lanes in front of other drivers","0",1,8,1,6,9,1,1,1,9,1
20,7,"Be loyal to a romantic partner","0",1,8,9,8,9,1,3,1,9,1
20,8,"Murder a family member","2",9,1,9,1,1,9,1,2,1,8
20,9,"Sexually harass a coworker","2",9,1,9,1,1,9,1,1,1,8
20,10,"Kidnap a child and hold them hostage","2",9,1,9,1,1,9,1,5,1,8
20,11,"Emotionally abuse a child","2",9,1,9,1,1,9,1,6,1,8
20,12,"Rob a store at gunpoint","2",9,1,9,1,1,9,NA,3,1,8
20,13,"Steal an expensive car","2",9,1,9,1,1,9,1,4,1,8
20,14,"Knowingly spread an STD","2",9,1,9,8,1,9,1,8,1,8
20,15,"Be punctual/on time when meeting friends","1",1,5,9,4,3,7,6,1,7,6
20,16,"Help a physically disabled person load their groceries into their car","1",1,6,9,3,7,4,9,3,6,3
20,17,"Ride a bike rather than drive a car","1",1,2,9,1,2,8,7,2,5,4
20,18,"Help an older person cross the road","1",1,6,9,8,7,3,7,3,8,1
20,19,"Donate a significant amount of money to charity","1",1,2,9,1,6,3,9,1,6,2
20,20,"Volunteer at least once a month in a hospital","1",1,1,7,1,3,7,7,1,5,1
20,21,"Volunteer at least once a month at a shelter","1",1,1,7,2,3,6,9,1,6,1
20,22,"Have unsafe sex","3",3,1,3,6,3,7,1,2,2,6
20,23,"Skip class for fun","2",4,1,1,8,4,6,1,5,3,6
20,24,"Drink too much alcohol","3",4,1,3,2,6,4,1,6,3,6
20,25,"Not leave a tip after dining out","3",9,1,9,1,1,9,1,6,1,8
20,26,"Gamble on a semifrequent occasion","3",6,1,6,1,3,7,2,8,2,7
20,27,"Make a small mistake, then let someone else take the blame","3",7,1,7,1,1,9,1,5,1,7
20,28,"Occasionally gossip about friends","3",3,1,5,8,5,5,1,5,2,6
21,1,"Obey traffic lights at an intersection","0",1,8,7,7,9,9,NA,1,9,1
21,2,"Obey stop signs at a 4way stop","0",1,7,7,4,9,9,7,1,9,1
21,3,"Pay taxes on earned income","0",1,8,6,6,9,9,7,1,9,1
21,4,"Provide basic care for a family pet","0",1,8,NA,8,NA,9,6,1,9,1
21,5,"Be loving and caring towards one's kids","0",1,7,9,8,9,9,9,1,9,1
21,6,"Signal when changing lanes in front of other drivers","0",1,8,5,6,9,9,3,1,9,1
21,7,"Be loyal to a romantic partner","1",1,5,9,8,9,9,9,1,9,1
21,8,"Murder a family member","2",9,NA,9,8,1,NA,1,8,1,8
21,9,"Sexually harass a coworker","2",9,1,NA,8,1,9,1,8,1,8
21,10,"Kidnap a child and hold them hostage","2",9,1,9,8,1,9,1,7,1,8
21,11,"Emotionally abuse a child","2",9,1,9,8,1,9,1,8,1,8
21,12,"Rob a store at gunpoint","2",9,1,9,8,1,9,NA,8,1,8
21,13,"Steal an expensive car","2",9,1,9,8,1,9,1,1,1,8
21,14,"Knowingly spread an STD","2",9,1,9,8,1,1,1,8,1,8
21,15,"Be punctual/on time when meeting friends","0",6,6,7,2,6,6,9,1,9,1
21,16,"Help a physically disabled person load their groceries into their car","1",1,8,9,3,7,7,7,3,9,1
21,17,"Ride a bike rather than drive a car","4",1,1,7,1,3,3,5,5,5,4
21,18,"Help an older person cross the road","1",3,6,9,3,8,8,8,3,7,1
21,19,"Donate a significant amount of money to charity","4",4,5,NA,1,6,6,9,4,5,3
21,20,"Volunteer at least once a month in a hospital","1",1,2,8,4,NA,8,8,3,7,1
21,21,"Volunteer at least once a month at a shelter","1",5,5,9,2,7,7,8,5,6,1
21,22,"Have unsafe sex","3",9,1,3,2,2,2,1,8,2,7
21,23,"Skip class for fun","3",6,1,6,4,5,5,1,5,4,6
21,24,"Drink too much alcohol","3",8,1,NA,NA,1,1,1,8,1,6
21,25,"Not leave a tip after dining out","3",1,3,4,5,9,1,6,1,8,1
21,26,"Gamble on a semifrequent occasion","3",6,1,4,4,1,1,1,1,4,4
21,27,"Make a small mistake, then let someone else take the blame","4",NA,1,9,6,7,7,1,6,1,8
21,28,"Occasionally gossip about friends","2",9,NA,7,3,6,7,1,6,5,4
22,1,"Obey traffic lights at an intersection","0",1,8,1,6,9,1,1,1,9,1
22,2,"Obey stop signs at a 4way stop","0",1,8,1,7,9,1,1,1,9,1
22,3,"Pay taxes on earned income","0",1,1,1,8,9,1,1,1,9,1
22,4,"Provide basic care for a family pet","0",1,8,1,1,9,1,1,1,9,1
22,5,"Be loving and caring towards one's kids","0",1,8,9,8,9,1,9,1,9,1
22,6,"Signal when changing lanes in front of other drivers","1",1,6,1,1,9,1,9,1,9,1
22,7,"Be loyal to a romantic partner","0",1,8,9,8,4,5,9,1,9,1
22,8,"Murder a family member","2",9,1,9,1,1,9,1,1,1,8
22,9,"Sexually harass a coworker","2",9,1,9,1,1,9,1,1,1,8
22,10,"Kidnap a child and hold them hostage","2",9,1,9,1,1,9,1,1,1,8
22,11,"Emotionally abuse a child","2",9,1,9,1,1,9,1,1,1,8
22,12,"Rob a store at gunpoint","2",9,1,9,1,1,9,1,1,1,8
22,13,"Steal an expensive car","2",9,1,9,1,1,9,1,1,1,8
22,14,"Knowingly spread an STD","2",9,1,9,1,1,9,1,1,1,8
22,15,"Be punctual/on time when meeting friends","0",1,6,9,8,7,3,2,1,9,1
22,16,"Help a physically disabled person load their groceries into their car","1",1,1,9,1,9,1,9,1,6,1
22,17,"Ride a bike rather than drive a car","1",1,1,9,1,2,8,9,1,2,1
22,18,"Help an older person cross the road","1",1,1,9,1,6,2,8,1,7,1
22,19,"Donate a significant amount of money to charity","1",1,1,9,8,9,2,9,4,9,2
22,20,"Volunteer at least once a month in a hospital","1",1,1,9,1,1,9,9,1,2,1
22,21,"Volunteer at least once a month at a shelter","1",1,1,9,1,1,9,9,1,2,1
22,22,"Have unsafe sex","3",1,1,1,2,9,9,1,8,5,6
22,23,"Skip class for fun","3",8,1,1,1,9,1,1,1,1,8
22,24,"Drink too much alcohol","3",4,1,8,1,3,9,1,1,2,8
22,25,"Not leave a tip after dining out","3",9,1,9,8,1,9,1,8,1,8
22,26,"Gamble on a semifrequent occasion","2",7,1,9,1,1,9,1,1,2,8
22,27,"Make a small mistake, then let someone else take the blame","3",9,1,9,8,1,9,1,1,1,8
22,28,"Occasionally gossip about friends","2",2,1,9,1,8,2,2,1,4,6
23,1,"Obey traffic lights at an intersection","0",5,4,7,3,4,6,5,3,4,4
23,2,"Obey stop signs at a 4way stop","0",1,8,3,7,9,2,3,3,9,1
23,3,"Pay taxes on earned income","0",6,5,3,7,1,9,6,6,7,2
23,4,"Provide basic care for a family pet","0",1,8,6,8,9,3,8,1,9,1
23,5,"Be loving and caring towards one's kids","0",1,8,8,8,7,2,9,1,9,1
23,6,"Signal when changing lanes in front of other drivers","1",2,7,9,8,5,6,3,1,1,3
23,7,"Be loyal to a romantic partner","0",1,8,8,7,9,2,6,1,8,2
23,8,"Murder a family member","2",9,NA,9,3,1,9,1,4,1,8
23,9,"Sexually harass a coworker","2",6,1,9,4,1,9,1,5,1,8
23,10,"Kidnap a child and hold them hostage","2",9,1,9,2,1,9,1,4,1,8
23,11,"Emotionally abuse a child","2",9,1,8,6,1,9,1,7,1,8
23,12,"Rob a store at gunpoint","2",8,5,9,2,1,9,1,6,1,8
23,13,"Steal an expensive car","4",9,1,9,1,1,9,1,2,1,8
23,14,"Knowingly spread an STD","2",7,1,5,5,2,8,1,7,1,8
23,15,"Be punctual/on time when meeting friends","0",1,5,6,3,8,5,2,5,NA,8
23,16,"Help a physically disabled person load their groceries into their car","1",1,4,9,3,4,5,9,3,9,1
23,17,"Ride a bike rather than drive a car","3",1,1,1,1,5,5,1,1,5,5
23,18,"Help an older person cross the road","1",1,5,8,4,8,5,5,4,8,2
23,19,"Donate a significant amount of money to charity","1",1,3,8,3,5,5,8,4,8,2
23,20,"Volunteer at least once a month in a hospital","1",1,5,8,6,3,8,9,4,9,1
23,21,"Volunteer at least once a month at a shelter","1",3,6,4,NA,5,5,5,4,6,4
23,22,"Have unsafe sex","3",2,2,2,2,4,3,2,2,2,6
23,23,"Skip class for fun","3",9,3,9,6,6,4,8,1,3,6
23,24,"Drink too much alcohol","3",1,1,7,4,6,6,1,1,4,6
23,25,"Not leave a tip after dining out","4",7,6,6,6,3,7,7,6,1,8
23,26,"Gamble on a semifrequent occasion","3",3,1,1,2,4,4,4,6,3,3
23,27,"Make a small mistake, then let someone else take the blame","4",9,1,9,6,4,7,1,8,1,8
23,28,"Occasionally gossip about friends","3",6,1,6,8,7,3,6,8,3,6
24,1,"Obey traffic lights at an intersection","0",2,6,2,6,7,4,6,3,8,1
24,2,"Obey stop signs at a 4way stop","0",1,6,3,7,7,3,6,2,9,1
24,3,"Pay taxes on earned income","0",1,7,3,7,9,1,4,2,9,1
24,4,"Provide basic care for a family pet","0",1,8,6,7,9,1,6,1,9,1
24,5,"Be loving and caring towards one's kids","0",1,6,8,7,8,2,9,3,8,2
24,6,"Signal when changing lanes in front of other drivers","1",3,4,4,6,9,1,6,3,9,1
24,7,"Be loyal to a romantic partner","0",1,8,7,8,7,3,7,1,9,1
24,8,"Murder a family member","2",9,3,9,2,1,9,1,6,1,8
24,9,"Sexually harass a coworker","2",9,3,9,2,1,9,1,6,1,8
24,10,"Kidnap a child and hold them hostage","2",9,2,7,2,2,8,1,4,1,8
24,11,"Emotionally abuse a child","2",9,2,9,3,3,7,1,6,1,8
24,12,"Rob a store at gunpoint","2",9,3,9,2,1,9,1,6,1,8
24,13,"Steal an expensive car","2",9,2,9,2,1,9,1,6,1,8
24,14,"Knowingly spread an STD","2",9,3,9,3,1,9,1,5,1,8
24,15,"Be punctual/on time when meeting friends","1",2,6,7,7,8,2,7,3,9,1
24,16,"Help a physically disabled person load their groceries into their car","1",1,5,8,3,7,3,9,4,8,2
24,17,"Ride a bike rather than drive a car","4",1,1,8,1,2,8,6,4,4,4
24,18,"Help an older person cross the road","1",1,3,8,2,6,3,9,4,7,3
24,19,"Donate a significant amount of money to charity","1",1,3,8,2,6,3,8,4,7,3
24,20,"Volunteer at least once a month in a hospital","1",1,2,8,2,3,7,9,4,8,2
24,21,"Volunteer at least once a month at a shelter","1",1,3,8,2,5,8,9,4,8,3
24,22,"Have unsafe sex","4",4,5,3,5,6,8,5,3,5,3
24,23,"Skip class for fun","3",5,2,3,3,7,3,3,5,4,5
24,24,"Drink too much alcohol","3",6,2,7,3,6,3,3,5,3,6
24,25,"Not leave a tip after dining out","3",8,2,8,3,1,9,2,6,2,7
24,26,"Gamble on a semifrequent occasion","3",6,3,6,3,7,4,2,4,4,5
24,27,"Make a small mistake, then let someone else take the blame","4",7,2,4,4,7,6,2,3,2,7
24,28,"Occasionally gossip about friends","3",4,2,6,3,8,3,3,6,4,5
25,1,"Obey traffic lights at an intersection","0",6,5,1,1,9,1,3,3,9,1
25,2,"Obey stop signs at a 4way stop","0",1,8,1,2,9,1,1,1,9,1
25,3,"Pay taxes on earned income","0",1,7,6,2,9,1,8,1,9,1
25,4,"Provide basic care for a family pet","0",1,8,7,8,9,1,3,1,9,1
25,5,"Be loving and caring towards one's kids","1",1,8,9,8,9,1,9,1,9,1
25,6,"Signal when changing lanes in front of other drivers","0",1,5,1,1,9,1,2,1,9,1
25,7,"Be loyal to a romantic partner","1",1,8,9,8,9,1,9,1,9,1
25,8,"Murder a family member","2",9,1,9,1,1,9,1,6,1,8
25,9,"Sexually harass a coworker","2",9,1,8,1,1,9,1,2,1,8
25,10,"Kidnap a child and hold them hostage","2",9,1,9,1,1,9,1,1,1,8
25,11,"Emotionally abuse a child","2",9,1,9,1,1,9,1,7,1,8
25,12,"Rob a store at gunpoint","2",9,1,9,1,1,9,1,1,1,8
25,13,"Steal an expensive car","2",9,1,9,1,NA,9,1,1,1,8
25,14,"Knowingly spread an STD","2",9,1,9,8,1,9,1,8,1,8
25,15,"Be punctual/on time when meeting friends","1",4,4,6,5,8,2,6,3,8,2
25,16,"Help a physically disabled person load their groceries into their car","1",1,7,8,2,3,8,8,2,8,2
25,17,"Ride a bike rather than drive a car","1",2,2,1,1,1,9,6,3,5,3
25,18,"Help an older person cross the road","1",1,5,8,7,6,6,2,1,8,1
25,19,"Donate a significant amount of money to charity","1",1,3,7,3,8,2,8,2,8,2
25,20,"Volunteer at least once a month in a hospital","1",1,4,7,6,6,3,8,4,8,1
25,21,"Volunteer at least once a month at a shelter","1",1,2,8,2,5,3,8,2,8,2
25,22,"Have unsafe sex","4",8,1,3,3,5,3,1,2,1,8
25,23,"Skip class for fun","3",8,2,8,2,2,8,1,1,1,8
25,24,"Drink too much alcohol","3",2,8,1,1,4,8,1,3,3,5
25,25,"Not leave a tip after dining out","3",6,1,3,1,1,9,1,6,2,8
25,26,"Gamble on a semifrequent occasion","3",5,3,1,1,1,9,1,1,2,7
25,27,"Make a small mistake, then let someone else take the blame","4",7,1,8,2,1,9,1,2,1,8
25,28,"Occasionally gossip about friends","3",8,2,8,3,9,1,2,7,4,6
26,1,"Obey traffic lights at an intersection","0",1,8,6,3,9,2,1,1,9,1
26,2,"Obey stop signs at a 4way stop","0",1,7,3,6,7,7,6,2,9,1
26,3,"Pay taxes on earned income","0",1,7,1,6,6,6,1,1,9,1
26,4,"Provide basic care for a family pet","1",1,7,7,6,9,2,7,2,7,1
26,5,"Be loving and caring towards one's kids","1",1,6,7,7,9,5,1,1,9,1
26,6,"Signal when changing lanes in front of other drivers","0",1,6,1,3,5,5,1,1,9,1
26,7,"Be loyal to a romantic partner","1",1,8,8,7,9,3,4,1,9,1
26,8,"Murder a family member","2",9,1,9,1,1,9,1,1,1,8
26,9,"Sexually harass a coworker","2",9,1,8,1,6,3,1,1,1,8
26,10,"Kidnap a child and hold them hostage","2",9,1,9,1,3,9,1,1,1,8
26,11,"Emotionally abuse a child","2",9,1,9,1,2,7,1,3,1,8
26,12,"Rob a store at gunpoint","2",9,1,9,1,1,1,1,1,1,8
26,13,"Steal an expensive car","2",9,1,9,1,4,6,1,1,1,8
26,14,"Knowingly spread an STD","2",9,1,9,1,5,4,1,4,1,8
26,15,"Be punctual/on time when meeting friends","1",1,4,6,4,6,6,1,1,9,1
26,16,"Help a physically disabled person load their groceries into their car","1",1,5,9,2,7,3,7,1,9,1
26,17,"Ride a bike rather than drive a car","4",1,1,6,1,5,5,1,1,3,5
26,18,"Help an older person cross the road","1",1,5,9,6,9,4,8,3,9,1
26,19,"Donate a significant amount of money to charity","1",1,1,7,2,8,5,7,1,7,3
26,20,"Volunteer at least once a month in a hospital","1",1,3,9,2,9,5,7,1,9,1
26,21,"Volunteer at least once a month at a shelter","1",1,1,9,2,6,4,8,1,9,1
26,22,"Have unsafe sex","3",7,1,5,6,6,6,1,1,1,8
26,23,"Skip class for fun","3",7,1,6,7,7,7,2,7,1,8
26,24,"Drink too much alcohol","3",7,1,5,8,6,5,1,1,2,7
26,25,"Not leave a tip after dining out","3",9,1,9,1,4,6,1,1,1,8
26,26,"Gamble on a semifrequent occasion","3",3,1,4,3,4,5,1,1,3,6
26,27,"Make a small mistake, then let someone else take the blame","3",9,1,9,1,2,5,1,1,1,8
26,28,"Occasionally gossip about friends","3",6,2,6,7,5,8,7,6,2,7
27,1,"Obey traffic lights at an intersection","0",1,5,2,2,9,1,6,1,9,1
27,2,"Obey stop signs at a 4way stop","0",1,3,1,1,7,3,5,3,5,4
27,3,"Pay taxes on earned income","0",1,5,3,8,9,1,3,1,9,1
27,4,"Provide basic care for a family pet","0",1,7,5,6,9,1,7,1,9,1
27,5,"Be loving and caring towards one's kids","0",1,6,9,8,9,1,9,1,9,1
27,6,"Signal when changing lanes in front of other drivers","1",1,3,1,1,8,2,3,1,9,1
27,7,"Be loyal to a romantic partner","0",1,8,9,8,9,1,7,1,9,1
27,8,"Murder a family member","2",9,1,9,1,1,9,1,1,1,8
27,9,"Sexually harass a coworker","2",9,1,9,3,1,9,1,5,1,8
27,10,"Kidnap a child and hold them hostage","2",9,1,9,1,1,9,1,1,1,8
27,11,"Emotionally abuse a child","2",9,1,9,2,1,9,1,3,1,8
27,12,"Rob a store at gunpoint","2",9,1,9,1,1,9,1,2,1,8
27,13,"Steal an expensive car","2",9,1,9,3,1,9,1,4,1,8
27,14,"Knowingly spread an STD","2",9,1,9,3,1,9,1,1,1,8
27,15,"Be punctual/on time when meeting friends","1",1,3,5,5,5,5,5,1,9,1
27,16,"Help a physically disabled person load their groceries into their car","1",1,1,9,1,7,3,9,1,7,1
27,17,"Ride a bike rather than drive a car","1",1,1,9,1,5,5,5,1,5,4
27,18,"Help an older person cross the road","1",1,4,9,3,6,4,9,1,9,1
27,19,"Donate a significant amount of money to charity","1",1,3,9,1,6,3,9,1,6,3
27,20,"Volunteer at least once a month in a hospital","1",1,1,9,1,5,5,9,1,7,2
27,21,"Volunteer at least once a month at a shelter","1",1,1,9,1,6,3,9,2,6,1
27,22,"Have unsafe sex","4",5,1,4,4,2,7,2,6,2,6
27,23,"Skip class for fun","4",4,1,7,6,5,5,1,6,3,6
27,24,"Drink too much alcohol","3",4,1,5,1,5,5,1,4,3,6
27,25,"Not leave a tip after dining out","3",7,1,9,2,1,9,1,5,1,8
27,26,"Gamble on a semifrequent occasion","3",6,1,7,1,2,8,1,3,2,7
27,27,"Make a small mistake, then let someone else take the blame","3",5,1,5,4,2,8,1,5,1,8
27,28,"Occasionally gossip about friends","3",1,1,3,3,5,5,1,1,5,4
28,1,"Obey traffic lights at an intersection","0",1,7,1,4,9,2,2,1,9,1
28,2,"Obey stop signs at a 4way stop","0",1,5,2,3,9,7,2,1,8,2
28,3,"Pay taxes on earned income","0",1,3,1,3,9,1,2,1,9,1
28,4,"Provide basic care for a family pet","1",1,4,1,4,9,1,1,1,9,1
28,5,"Be loving and caring towards one's kids","0",1,4,1,6,9,1,3,1,9,1
28,6,"Signal when changing lanes in front of other drivers","1",1,2,1,1,7,3,1,1,9,1
28,7,"Be loyal to a romantic partner","0",1,7,3,7,8,2,2,1,9,1
28,8,"Murder a family member","2",8,1,8,1,1,9,1,1,1,8
28,9,"Sexually harass a coworker","2",7,1,6,1,1,9,1,1,1,8
28,10,"Kidnap a child and hold them hostage","2",9,1,7,1,1,9,1,1,1,8
28,11,"Emotionally abuse a child","2",9,1,7,2,2,8,1,2,1,8
28,12,"Rob a store at gunpoint","2",7,1,6,1,1,9,1,1,2,8
28,13,"Steal an expensive car","2",4,1,5,1,1,9,1,1,1,8
28,14,"Knowingly spread an STD","2",8,1,7,2,1,9,1,2,2,7
28,15,"Be punctual/on time when meeting friends","1",1,4,4,3,6,4,3,1,7,1
28,16,"Help a physically disabled person load their groceries into their car","1",1,3,3,2,4,1,5,1,9,1
28,17,"Ride a bike rather than drive a car","1",1,1,3,1,6,4,1,1,5,4
28,18,"Help an older person cross the road","1",1,4,4,3,6,1,4,1,9,1
28,19,"Donate a significant amount of money to charity","1",1,1,4,1,7,1,4,1,4,1
28,20,"Volunteer at least once a month in a hospital","1",1,2,7,2,4,6,6,1,7,2
28,21,"Volunteer at least once a month at a shelter","1",1,2,5,1,5,3,4,1,6,1
28,22,"Have unsafe sex","4",4,1,3,2,2,8,1,2,4,6
28,23,"Skip class for fun","3",3,1,3,2,4,7,1,2,3,6
28,24,"Drink too much alcohol","3",6,1,3,4,5,9,1,3,3,7
28,25,"Not leave a tip after dining out","3",1,4,1,3,9,1,3,2,8,2
28,26,"Gamble on a semifrequent occasion","3",2,2,3,2,3,8,1,1,3,2
28,27,"Make a small mistake, then let someone else take the blame","3",2,1,3,4,2,8,1,2,3,7
28,28,"Occasionally gossip about friends","3",2,1,2,3,9,3,1,2,5,4
29,1,"Obey traffic lights at an intersection","",5,4,5,4,5,5,5,4,5,5
29,2,"Obey stop signs at a 4way stop","",5,4,5,5,5,5,5,4,5,4
29,3,"Pay taxes on earned income","",5,4,5,4,5,5,5,4,5,4
29,4,"Provide basic care for a family pet","",5,4,5,5,5,5,5,5,5,5
29,5,"Be loving and caring towards one's kids","",4,3,6,4,6,5,6,4,6,4
29,6,"Signal when changing lanes in front of other drivers","",5,5,5,5,5,5,5,4,5,4
29,7,"Be loyal to a romantic partner","",5,4,9,8,9,2,7,3,9,1
29,8,"Murder a family member","",9,4,9,8,1,9,1,6,1,8
29,9,"Sexually harass a coworker","",9,3,9,8,5,5,1,7,5,5
29,10,"Kidnap a child and hold them hostage","",5,4,5,4,5,5,5,4,5,4
29,11,"Emotionally abuse a child","",9,1,9,8,1,9,1,8,1,8
29,12,"Rob a store at gunpoint","",9,4,9,8,1,9,9,8,1,8
29,13,"Steal an expensive car","",9,8,9,8,1,9,1,8,1,8
29,14,"Knowingly spread an STD","",9,4,9,8,1,9,1,8,1,8
29,15,"Be punctual/on time when meeting friends","",5,5,4,5,4,5,4,5,4,5
29,16,"Help a physically disabled person load their groceries into their car","",2,4,7,3,7,3,7,3,8,1
29,17,"Ride a bike rather than drive a car","",5,5,5,5,5,5,5,5,5,5
29,18,"Help an older person cross the road","",5,4,5,5,5,5,5,4,5,4
29,19,"Donate a significant amount of money to charity","",5,4,5,5,5,5,5,5,5,4
29,20,"Volunteer at least once a month in a hospital","",3,1,8,3,6,4,7,2,6,3
29,21,"Volunteer at least once a month at a shelter","",3,3,9,4,6,3,8,2,6,3
29,22,"Have unsafe sex","",3,6,7,6,5,5,4,6,6,4
29,23,"Skip class for fun","",5,5,5,4,5,5,5,5,5,4
29,24,"Drink too much alcohol","",5,4,5,4,5,4,5,4,5,4
29,25,"Not leave a tip after dining out","",7,3,6,3,9,1,5,2,8,2
29,26,"Gamble on a semifrequent occasion","",4,4,5,4,5,5,4,4,5,4
29,27,"Make a small mistake, then let someone else take the blame","",5,5,5,5,5,5,5,4,5,4
29,28,"Occasionally gossip about friends","",5,4,5,5,5,5,5,4,5,4
30,1,"Obey traffic lights at an intersection","",6,1,8,3,3,7,1,3,1,8
30,2,"Obey stop signs at a 4way stop","",1,6,2,7,8,2,4,1,9,1
30,3,"Pay taxes on earned income","",2,7,8,4,8,2,8,2,8,2
30,4,"Provide basic care for a family pet","",2,8,5,8,9,1,6,1,9,1
30,5,"Be loving and caring towards one's kids","",2,7,5,8,9,2,9,1,9,1
30,6,"Signal when changing lanes in front of other drivers","",2,5,2,6,7,3,3,1,9,1
30,7,"Be loyal to a romantic partner","",5,7,8,7,8,3,8,3,7,3
30,8,"Murder a family member","",9,1,9,1,1,9,1,3,1,8
30,9,"Sexually harass a coworker","",8,1,9,2,1,9,1,6,1,8
30,10,"Kidnap a child and hold them hostage","",9,1,9,2,1,9,1,2,1,8
30,11,"Emotionally abuse a child","",8,1,9,8,3,7,2,6,1,8
30,12,"Rob a store at gunpoint","",9,2,9,4,1,9,1,4,1,8
30,13,"Steal an expensive car","",9,1,9,2,1,9,1,8,1,8
30,14,"Knowingly spread an STD","",9,3,9,5,1,9,1,8,1,8
30,15,"Be punctual/on time when meeting friends","",4,1,8,2,4,6,1,4,9,1
30,16,"Help a physically disabled person load their groceries into their car","",2,7,9,5,8,2,9,3,9,1
30,17,"Ride a bike rather than drive a car","",1,1,8,2,1,9,1,1,2,7
30,18,"Help an older person cross the road","",1,7,9,3,8,2,9,2,9,1
30,19,"Donate a significant amount of money to charity","",1,3,8,7,8,2,9,3,9,1
30,20,"Volunteer at least once a month in a hospital","",1,4,9,5,7,3,9,4,9,1
30,21,"Volunteer at least once a month at a shelter","",1,8,8,3,8,2,9,2,9,1
30,22,"Have unsafe sex","",7,1,8,3,2,8,2,7,1,8
30,23,"Skip class for fun","",7,1,8,7,2,8,1,4,1,8
30,24,"Drink too much alcohol","",1,8,9,8,4,6,9,1,9,1
30,25,"Not leave a tip after dining out","",8,1,9,3,1,9,1,5,1,8
30,26,"Gamble on a semifrequent occasion","",5,1,9,8,2,8,2,7,3,7
30,27,"Make a small mistake, then let someone else take the blame","",7,1,9,8,2,8,1,7,1,8
30,28,"Occasionally gossip about friends","",3,1,8,7,7,3,1,4,1,8
31,1,"Obey traffic lights at an intersection","",1,5,2,6,6,4,1,4,2,7
31,2,"Obey stop signs at a 4way stop","",1,6,6,5,7,5,6,3,2,7
31,3,"Pay taxes on earned income","",1,7,6,7,9,1,7,2,9,1
31,4,"Provide basic care for a family pet","",1,8,7,8,9,1,6,1,9,1
31,5,"Be loving and caring towards one's kids","",1,8,5,8,9,2,7,1,9,1
31,6,"Signal when changing lanes in front of other drivers","",1,5,6,3,8,3,6,1,8,1
31,7,"Be loyal to a romantic partner","",1,8,5,8,7,5,6,1,9,1
31,8,"Murder a family member","",9,1,9,1,1,9,1,5,1,8
31,9,"Sexually harass a coworker","",9,1,8,2,1,9,1,5,1,8
31,10,"Kidnap a child and hold them hostage","",9,1,9,1,1,9,1,5,1,8
31,11,"Emotionally abuse a child","",9,1,9,4,1,9,1,5,1,8
31,12,"Rob a store at gunpoint","",9,1,9,1,1,9,1,5,1,8
31,13,"Steal an expensive car","",9,1,9,1,1,9,1,1,1,8
31,14,"Knowingly spread an STD","",9,1,9,2,2,8,1,3,2,7
31,15,"Be punctual/on time when meeting friends","",2,5,4,6,7,7,7,1,8,2
31,16,"Help a physically disabled person load their groceries into their car","",1,6,8,3,6,4,9,3,8,1
31,17,"Ride a bike rather than drive a car","",1,3,6,1,6,8,7,2,7,3
31,18,"Help an older person cross the road","",1,5,8,2,3,7,8,1,9,1
31,19,"Donate a significant amount of money to charity","",1,1,8,2,5,5,9,4,5,1
31,20,"Volunteer at least once a month in a hospital","",5,4,9,2,4,6,9,4,6,2
31,21,"Volunteer at least once a month at a shelter","",1,5,9,2,4,6,8,4,5,1
31,22,"Have unsafe sex","",8,1,7,3,2,7,1,6,1,8
31,23,"Skip class for fun","",3,1,3,3,6,4,1,5,5,4
31,24,"Drink too much alcohol","",4,2,7,6,7,3,2,4,5,3
31,25,"Not leave a tip after dining out","",1,4,6,4,7,3,5,4,5,4
31,26,"Gamble on a semifrequent occasion","",1,1,5,3,8,2,1,NA,5,4
31,27,"Make a small mistake, then let someone else take the blame","",8,3,8,6,3,6,1,5,1,8
31,28,"Occasionally gossip about friends","",6,1,7,5,8,4,1,5,2,7
32,1,"Obey traffic lights at an intersection","",1,8,4,5,1,9,1,8,4,5
32,2,"Obey stop signs at a 4way stop","",1,3,6,2,6,5,7,2,7,3
32,3,"Pay taxes on earned income","",1,1,1,5,3,7,1,1,3,6
32,4,"Provide basic care for a family pet","",NA,NA,NA,NA,NA,NA,NA,NA,NA,NA
32,5,"Be loving and caring towards one's kids","",1,8,9,8,9,1,9,1,9,1
32,6,"Signal when changing lanes in front of other drivers","",5,4,6,4,9,1,6,4,7,3
32,7,"Be loyal to a romantic partner","",1,8,5,4,6,9,9,1,5,3
32,8,"Murder a family member","",NA,NA,NA,NA,NA,NA,NA,NA,NA,NA
32,9,"Sexually harass a coworker","",NA,NA,NA,NA,NA,NA,NA,NA,NA,NA
32,10,"Kidnap a child and hold them hostage","",8,2,6,3,6,NA,6,4,6,4
32,11,"Emotionally abuse a child","",9,1,9,8,1,9,1,8,9,1
32,12,"Rob a store at gunpoint","",NA,NA,NA,NA,NA,NA,NA,NA,NA,NA
32,13,"Steal an expensive car","",9,1,9,1,1,9,1,1,1,8
32,14,"Knowingly spread an STD","",9,1,9,5,1,9,1,8,1,8
32,15,"Be punctual/on time when meeting friends","",1,5,9,8,5,5,7,2,9,1
32,16,"Help a physically disabled person load their groceries into their car","",2,4,5,4,5,4,5,4,5,4
32,17,"Ride a bike rather than drive a car","",1,1,1,1,1,9,1,1,4,1
32,18,"Help an older person cross the road","",1,1,9,2,1,9,9,3,7,2
32,19,"Donate a significant amount of money to charity","",1,1,6,3,5,5,9,4,6,3
32,20,"Volunteer at least once a month in a hospital","",1,1,2,5,4,5,9,8,5,5
32,21,"Volunteer at least once a month at a shelter","",2,6,3,8,5,5,3,7,3,6
32,22,"Have unsafe sex","",1,1,4,4,5,4,4,4,5,4
32,23,"Skip class for fun","",1,1,5,4,5,4,1,1,5,4
32,24,"Drink too much alcohol","",1,8,9,8,9,9,9,1,9,1
32,25,"Not leave a tip after dining out","",NA,NA,NA,NA,NA,NA,NA,NA,NA,NA
32,26,"Gamble on a semifrequent occasion","",1,8,9,8,9,1,9,1,9,1
32,27,"Make a small mistake, then let someone else take the blame","",3,1,8,7,1,4,1,7,1,8
32,28,"Occasionally gossip about friends","",6,1,6,8,9,1,3,1,5,6
33,1,"Obey traffic lights at an intersection","",1,7,7,6,8,2,5,1,8,2
33,2,"Obey stop signs at a 4way stop","",9,1,7,6,7,3,1,6,2,7
33,3,"Pay taxes on earned income","",1,8,4,8,9,1,4,1,9,1
33,4,"Provide basic care for a family pet","",1,7,6,8,9,1,2,1,9,1
33,5,"Be loving and caring towards one's kids","",1,8,8,8,9,1,9,1,9,1
33,6,"Signal when changing lanes in front of other drivers","",1,6,7,4,7,3,5,1,9,1
33,7,"Be loyal to a romantic partner","",9,1,9,8,1,9,1,8,1,8
33,8,"Murder a family member","",9,1,9,1,1,9,1,2,1,8
33,9,"Sexually harass a coworker","",9,1,9,5,2,8,1,3,1,8
33,10,"Kidnap a child and hold them hostage","",9,1,9,1,1,9,1,8,1,8
33,11,"Emotionally abuse a child","",9,1,9,2,1,9,1,2,1,8
33,12,"Rob a store at gunpoint","",9,1,9,2,1,9,1,5,1,8
33,13,"Steal an expensive car","",9,1,9,2,1,9,1,8,1,8
33,14,"Knowingly spread an STD","",9,1,9,8,1,9,1,8,1,8
33,15,"Be punctual/on time when meeting friends","",1,5,7,6,8,2,9,1,9,1
33,16,"Help a physically disabled person load their groceries into their car","",1,2,9,1,1,9,9,2,9,1
33,17,"Ride a bike rather than drive a car","",1,2,9,1,1,9,8,1,6,4
33,18,"Help an older person cross the road","",9,2,9,5,3,9,9,1,9,1
33,19,"Donate a significant amount of money to charity","",1,1,9,2,8,2,9,4,9,1
33,20,"Volunteer at least once a month in a hospital","",1,1,9,1,1,9,9,1,5,4
33,21,"Volunteer at least once a month at a shelter","",1,1,7,1,1,9,9,1,8,2
33,22,"Have unsafe sex","",2,1,8,7,1,9,1,7,2,7
33,23,"Skip class for fun","",8,1,9,6,1,9,1,8,1,8
33,24,"Drink too much alcohol","",4,1,9,7,1,9,1,8,3,6
33,25,"Not leave a tip after dining out","",1,1,8,2,1,9,2,7,3,6
33,26,"Gamble on a semifrequent occasion","",7,1,8,6,3,7,1,7,5,4
33,27,"Make a small mistake, then let someone else take the blame","",8,1,9,8,1,9,1,8,2,7
33,28,"Occasionally gossip about friends","",6,3,6,8,8,2,2,7,3,6
34,1,"Obey traffic lights at an intersection","",1,6,1,2,9,2,1,1,9,1
34,2,"Obey stop signs at a 4way stop","",1,5,1,3,8,2,4,1,9,1
34,3,"Pay taxes on earned income","",1,1,1,1,9,1,1,1,9,1
34,4,"Provide basic care for a family pet","",1,8,1,7,9,1,1,1,9,1
34,5,"Be loving and caring towards one's kids","",1,8,7,8,9,1,8,1,9,1
34,6,"Signal when changing lanes in front of other drivers","",1,4,1,2,9,1,6,1,9,1
34,7,"Be loyal to a romantic partner","",1,8,9,8,9,1,7,1,9,1
34,8,"Murder a family member","",9,1,9,6,1,9,1,1,1,8
34,9,"Sexually harass a coworker","",7,1,7,1,1,9,2,1,1,8
34,10,"Kidnap a child and hold them hostage","",9,1,9,1,1,9,1,1,1,8
34,11,"Emotionally abuse a child","",9,1,9,1,1,9,1,2,1,8
34,12,"Rob a store at gunpoint","",9,1,9,1,1,9,1,2,1,1
34,13,"Steal an expensive car","",6,1,7,1,1,9,1,1,1,8
34,14,"Knowingly spread an STD","",9,1,7,7,1,9,1,7,1,8
34,15,"Be punctual/on time when meeting friends","",1,3,4,7,3,2,5,1,8,2
34,16,"Help a physically disabled person load their groceries into their car","",1,3,9,2,7,9,9,1,7,4
34,17,"Ride a bike rather than drive a car","",1,1,1,1,5,6,3,1,4,4
34,18,"Help an older person cross the road","",1,3,7,1,5,5,7,2,6,3
34,19,"Donate a significant amount of money to charity","",1,2,8,1,6,8,8,1,6,3
34,20,"Volunteer at least once a month in a hospital","",1,1,7,1,2,9,9,1,5,5
34,21,"Volunteer at least once a month at a shelter","",1,1,7,1,2,8,8,1,5,4
34,22,"Have unsafe sex","",6,1,2,5,1,9,1,7,3,7
34,23,"Skip class for fun","",1,1,3,2,4,7,1,1,5,5
34,24,"Drink too much alcohol","",2,1,5,6,3,6,1,1,5,5
34,25,"Not leave a tip after dining out","",1,1,3,1,3,7,1,3,4,4
34,26,"Gamble on a semifrequent occasion","",6,1,4,1,1,9,1,4,2,7
34,27,"Make a small mistake, then let someone else take the blame","",6,1,6,1,6,8,1,7,1,7
34,28,"Occasionally gossip about friends","",6,1,7,7,3,7,1,6,3,6
35,1,"Obey traffic lights at an intersection","",8,2,2,6,7,1,9,1,5,4
35,2,"Obey stop signs at a 4way stop","",5,5,1,1,7,8,1,5,5,1
35,3,"Pay taxes on earned income","",6,4,6,6,9,1,7,2,9,1
35,4,"Provide basic care for a family pet","",9,1,9,8,9,1,9,1,9,1
35,5,"Be loving and caring towards one's kids","",9,8,9,8,9,1,9,1,9,1
35,6,"Signal when changing lanes in front of other drivers","",6,3,1,1,9,1,6,3,9,1
35,7,"Be loyal to a romantic partner","",9,8,9,8,9,1,9,1,9,1
35,8,"Murder a family member","",9,8,9,8,1,9,1,8,1,8
35,9,"Sexually harass a coworker","",9,5,9,8,9,1,1,8,1,8
35,10,"Kidnap a child and hold them hostage","",9,1,9,1,1,9,1,1,1,8
35,11,"Emotionally abuse a child","",9,1,9,8,1,9,1,1,1,8
35,12,"Rob a store at gunpoint","",9,8,9,8,1,9,1,8,1,8
35,13,"Steal an expensive car","",9,1,9,2,1,9,1,2,1,8
35,14,"Knowingly spread an STD","",9,1,9,8,1,9,1,8,1,8
35,15,"Be punctual/on time when meeting friends","",9,1,9,8,9,1,9,2,9,1
35,16,"Help a physically disabled person load their groceries into their car","",9,1,1,1,9,1,1,8,9,1
35,17,"Ride a bike rather than drive a car","",1,1,1,1,9,1,1,1,5,4
35,18,"Help an older person cross the road","",9,8,9,8,9,1,9,1,9,1
35,19,"Donate a significant amount of money to charity","",9,8,9,8,9,1,9,1,9,1
35,20,"Volunteer at least once a month in a hospital","",9,1,9,8,9,1,9,1,9,1
35,21,"Volunteer at least once a month at a shelter","",9,8,9,8,9,1,9,1,9,1
35,22,"Have unsafe sex","",5,4,9,8,5,5,1,8,1,8
35,23,"Skip class for fun","",1,1,9,1,6,3,1,5,1,8
35,24,"Drink too much alcohol","",6,5,5,6,7,3,7,5,7,3
35,25,"Not leave a tip after dining out","",9,8,9,8,1,9,1,8,9,1
35,26,"Gamble on a semifrequent occasion","",9,3,7,6,2,8,1,6,3,7
35,27,"Make a small mistake, then let someone else take the blame","",8,1,3,2,5,5,7,2,3,5
35,28,"Occasionally gossip about friends","",5,4,7,6,6,3,3,5,1,8
36,1,"Obey traffic lights at an intersection","",6,6,7,6,6,6,4,6,6,6
36,2,"Obey stop signs at a 4way stop","",7,6,7,3,7,7,7,6,7,6
36,3,"Pay taxes on earned income","",4,5,5,6,6,6,6,6,5,6
36,4,"Provide basic care for a family pet","",7,6,7,6,4,7,7,4,7,6
36,5,"Be loving and caring towards one's kids","",6,6,7,3,7,7,6,3,7,6
36,6,"Signal when changing lanes in front of other drivers","",7,6,7,6,7,7,7,4,7,4
36,7,"Be loyal to a romantic partner","",7,6,7,6,7,7,5,2,7,3
36,8,"Murder a family member","",9,5,6,5,7,7,1,5,4,6
36,9,"Sexually harass a coworker","",9,2,6,5,6,6,6,4,6,4
36,10,"Kidnap a child and hold them hostage","",9,1,1,1,1,1,1,1,1,8
36,11,"Emotionally abuse a child","",6,4,6,5,5,6,6,5,5,5
36,12,"Rob a store at gunpoint","",9,5,1,1,1,1,1,1,1,8
36,13,"Steal an expensive car","",9,1,9,1,1,1,1,1,1,8
36,14,"Knowingly spread an STD","",6,4,6,4,5,5,4,5,5,5
36,15,"Be punctual/on time when meeting friends","",7,6,6,5,6,6,6,4,6,4
36,16,"Help a physically disabled person load their groceries into their car","",1,3,5,5,5,6,7,4,5,5
36,17,"Ride a bike rather than drive a car","",6,4,7,5,6,7,7,6,7,6
36,18,"Help an older person cross the road","",8,7,7,3,3,7,8,2,8,6
36,19,"Donate a significant amount of money to charity","",7,7,7,3,7,7,3,6,7,6
36,20,"Volunteer at least once a month in a hospital","",7,3,7,6,3,7,7,6,7,6
36,21,"Volunteer at least once a month at a shelter","",1,1,5,4,6,3,5,1,5,6
36,22,"Have unsafe sex","",5,4,5,4,5,4,5,4,5,4
36,23,"Skip class for fun","",3,4,7,6,7,4,7,6,7,6
36,24,"Drink too much alcohol","",7,6,6,6,7,5,7,6,7,5
36,25,"Not leave a tip after dining out","",8,7,7,6,8,7,7,6,8,5
36,26,"Gamble on a semifrequent occasion","",7,5,6,6,6,6,6,4,4,6
36,27,"Make a small mistake, then let someone else take the blame","",7,4,7,6,7,7,7,6,7,3
36,28,"Occasionally gossip about friends","",7,6,7,4,5,7,6,6,7,6
37,1,"Obey traffic lights at an intersection","",1,7,2,4,8,2,3,1,9,1
37,2,"Obey stop signs at a 4way stop","",9,1,1,1,9,1,1,1,9,1
37,3,"Pay taxes on earned income","",1,3,1,3,9,1,2,1,7,2
37,4,"Provide basic care for a family pet","",1,6,2,3,9,1,2,1,9,1
37,5,"Be loving and caring towards one's kids","",1,6,5,4,9,1,3,1,9,1
37,6,"Signal when changing lanes in front of other drivers","",1,6,2,2,6,3,4,1,9,1
37,7,"Be loyal to a romantic partner","",1,7,3,3,7,3,6,1,9,1
37,8,"Murder a family member","",9,1,5,1,1,9,1,1,1,8
37,9,"Sexually harass a coworker","",8,1,2,2,4,9,1,1,1,8
37,10,"Kidnap a child and hold them hostage","",9,1,8,1,1,9,1,1,1,8
37,11,"Emotionally abuse a child","",8,1,8,1,1,9,1,4,1,8
37,12,"Rob a store at gunpoint","",8,1,3,1,1,9,1,1,1,8
37,13,"Steal an expensive car","",6,1,3,1,1,9,1,1,1,8
37,14,"Knowingly spread an STD","",6,1,1,5,2,9,1,8,1,8
37,15,"Be punctual/on time when meeting friends","",1,4,3,3,6,5,6,1,5,1
37,16,"Help a physically disabled person load their groceries into their car","",1,3,3,2,3,3,9,1,6,2
37,17,"Ride a bike rather than drive a car","",1,5,4,3,3,9,9,1,9,1
37,18,"Help an older person cross the road","",1,3,7,3,4,5,8,1,8,1
37,19,"Donate a significant amount of money to charity","",1,3,2,4,6,6,7,1,7,1
37,20,"Volunteer at least once a month in a hospital","",1,2,2,2,2,8,7,1,6,1
37,21,"Volunteer at least once a month at a shelter","",1,2,3,3,2,7,9,1,9,1
37,22,"Have unsafe sex","",7,1,2,2,3,9,1,3,1,7
37,23,"Skip class for fun","",3,1,2,2,3,7,1,1,2,7
37,24,"Drink too much alcohol","",8,1,3,1,6,9,1,1,1,8
37,25,"Not leave a tip after dining out","",7,1,4,1,2,8,1,1,1,8
37,26,"Gamble on a semifrequent occasion","",5,1,2,2,2,8,1,1,1,7
37,27,"Make a small mistake, then let someone else take the blame","",6,1,2,2,5,4,1,1,1,8
37,28,"Occasionally gossip about friends","",2,1,1,1,7,2,1,1,4,5
38,1,"Obey traffic lights at an intersection","",1,6,4,4,7,3,7,1,9,1
38,2,"Obey stop signs at a 4way stop","",1,6,5,4,9,1,3,1,9,1
38,3,"Pay taxes on earned income","",1,5,5,4,6,4,5,1,9,1
38,4,"Provide basic care for a family pet","",1,8,5,7,9,1,3,1,9,1
38,5,"Be loving and caring towards one's kids","",1,8,6,7,9,1,6,1,9,1
38,6,"Signal when changing lanes in front of other drivers","",1,8,2,5,7,3,6,1,9,1
38,7,"Be loyal to a romantic partner","",1,8,7,6,9,1,7,1,9,1
38,8,"Murder a family member","",9,1,8,2,1,9,1,2,1,8
38,9,"Sexually harass a coworker","",9,1,7,3,1,9,1,5,1,8
38,10,"Kidnap a child and hold them hostage","",9,1,7,2,1,9,1,2,1,8
38,11,"Emotionally abuse a child","",9,1,8,2,1,9,1,2,1,8
38,12,"Rob a store at gunpoint","",8,1,6,3,1,9,1,4,1,8
38,13,"Steal an expensive car","",8,1,7,2,1,9,1,3,1,8
38,14,"Knowingly spread an STD","",9,1,7,6,1,9,1,8,1,8
38,15,"Be punctual/on time when meeting friends","",2,7,4,5,7,3,5,1,9,1
38,16,"Help a physically disabled person load their groceries into their car","",1,3,8,1,6,4,8,1,9,1
38,17,"Ride a bike rather than drive a car","",1,3,8,1,7,3,7,1,9,1
38,18,"Help an older person cross the road","",1,3,7,2,8,2,8,1,9,1
38,19,"Donate a significant amount of money to charity","",1,3,8,2,7,3,9,1,9,1
38,20,"Volunteer at least once a month in a hospital","",1,3,8,2,5,5,9,1,9,1
38,21,"Volunteer at least once a month at a shelter","",1,4,9,1,8,2,9,1,9,1
38,22,"Have unsafe sex","",9,1,8,2,1,9,1,3,1,8
38,23,"Skip class for fun","",1,1,3,3,6,3,1,1,4,4
38,24,"Drink too much alcohol","",9,1,8,2,2,8,1,2,1,8
38,25,"Not leave a tip after dining out","",6,1,6,2,1,9,1,5,1,8
38,26,"Gamble on a semifrequent occasion","",9,1,NA,2,3,7,1,3,1,8
38,27,"Make a small mistake, then let someone else take the blame","",7,1,8,2,3,7,1,3,1,8
38,28,"Occasionally gossip about friends","",7,1,6,2,6,4,1,4,1,8
39,1,"Obey traffic lights at an intersection","",1,6,2,5,9,1,3,1,1,8
39,2,"Obey stop signs at a 4way stop","",1,6,6,6,8,2,6,1,9,1
39,3,"Pay taxes on earned income","",1,7,3,7,9,1,5,1,9,1
39,4,"Provide basic care for a family pet","",1,8,6,8,9,1,6,1,9,1
39,5,"Be loving and caring towards one's kids","",1,8,8,8,9,2,7,1,9,1
39,6,"Signal when changing lanes in front of other drivers","",1,5,6,6,7,3,6,1,9,1
39,7,"Be loyal to a romantic partner","",1,6,9,4,9,4,7,1,8,1
39,8,"Murder a family member","",9,1,9,1,1,9,1,1,1,8
39,9,"Sexually harass a coworker","",8,1,3,4,1,9,1,5,2,7
39,10,"Kidnap a child and hold them hostage","",9,1,7,1,1,9,1,2,1,8
39,11,"Emotionally abuse a child","",9,1,8,4,1,9,1,7,1,8
39,12,"Rob a store at gunpoint","",5,1,3,1,1,9,1,8,2,7
39,13,"Steal an expensive car","",8,1,7,5,1,9,1,5,1,8
39,14,"Knowingly spread an STD","",7,1,4,2,1,9,1,5,1,8
39,15,"Be punctual/on time when meeting friends","",1,5,3,3,7,6,5,1,8,1
39,16,"Help a physically disabled person load their groceries into their car","",1,5,7,3,6,3,9,1,7,1
39,17,"Ride a bike rather than drive a car","",1,1,6,4,3,5,6,1,5,1
39,18,"Help an older person cross the road","",1,5,7,3,7,3,8,1,6,1
39,19,"Donate a significant amount of money to charity","",1,3,6,4,7,7,7,1,7,1
39,20,"Volunteer at least once a month in a hospital","",1,2,6,1,2,8,8,4,4,1
39,21,"Volunteer at least once a month at a shelter","",1,2,8,1,1,9,8,1,5,1
39,22,"Have unsafe sex","",2,1,2,5,4,6,1,6,4,5
39,23,"Skip class for fun","",6,1,4,3,3,8,1,5,2,7
39,24,"Drink too much alcohol","",2,1,5,2,7,7,1,5,5,5
39,25,"Not leave a tip after dining out","",6,1,6,3,9,3,1,5,8,1
39,26,"Gamble on a semifrequent occasion","",3,1,6,5,6,4,1,5,5,1
39,27,"Make a small mistake, then let someone else take the blame","",6,1,6,6,6,3,1,6,3,6
39,28,"Occasionally gossip about friends","",6,1,2,5,7,5,1,5,5,2
40,1,"Obey traffic lights at an intersection","",1,7,1,7,9,1,2,1,9,1
40,2,"Obey stop signs at a 4way stop","",1,8,1,6,8,3,1,1,9,1
40,3,"Pay taxes on earned income","",2,4,1,5,9,2,2,2,6,2
40,4,"Provide basic care for a family pet","",3,5,5,6,9,3,5,1,7,2
40,5,"Be loving and caring towards one's kids","",1,5,6,5,7,3,5,2,9,1
40,6,"Signal when changing lanes in front of other drivers","",1,8,1,5,9,1,1,1,9,1
40,7,"Be loyal to a romantic partner","",2,7,7,7,8,3,7,2,7,7
40,8,"Murder a family member","",9,1,8,1,1,9,1,1,1,8
40,9,"Sexually harass a coworker","",5,3,6,3,2,8,3,3,4,5
40,10,"Kidnap a child and hold them hostage","",9,1,9,1,1,9,1,2,1,8
40,11,"Emotionally abuse a child","",8,3,7,3,2,8,2,5,2,6
40,12,"Rob a store at gunpoint","",6,2,3,1,1,9,1,1,1,8
40,13,"Steal an expensive car","",7,1,5,2,1,9,2,2,2,7
40,14,"Knowingly spread an STD","",7,3,6,8,1,1,1,7,3,3
40,15,"Be punctual/on time when meeting friends","",2,6,5,5,7,3,5,1,6,2
40,16,"Help a physically disabled person load their groceries into their car","",3,2,6,4,7,3,7,3,6,4
40,17,"Ride a bike rather than drive a car","",3,2,5,2,6,3,7,2,6,3
40,18,"Help an older person cross the road","",2,2,7,2,5,3,7,2,7,2
40,19,"Donate a significant amount of money to charity","",2,2,6,3,6,4,7,2,5,3
40,20,"Volunteer at least once a month in a hospital","",2,1,6,1,3,9,7,1,5,1
40,21,"Volunteer at least once a month at a shelter","",2,2,7,2,6,3,7,2,6,3
40,22,"Have unsafe sex","",7,2,2,5,4,6,9,4,4,7
40,23,"Skip class for fun","",5,4,4,5,6,4,3,5,3,5
40,24,"Drink too much alcohol","",5,2,3,3,3,7,1,1,3,6
40,25,"Not leave a tip after dining out","",5,3,6,3,4,1,5,3,6,5
40,26,"Gamble on a semifrequent occasion","",5,3,3,3,5,4,4,4,4,5
40,27,"Make a small mistake, then let someone else take the blame","",7,2,7,6,3,6,2,8,2,7
40,28,"Occasionally gossip about friends","",3,1,6,2,3,6,1,5,3,5
41,1,"Obey traffic lights at an intersection","",1,5,1,1,9,1,5,2,8,3
41,2,"Obey stop signs at a 4way stop","",7,3,7,3,5,4,1,1,6,4
41,3,"Pay taxes on earned income","",1,8,7,6,9,1,9,1,9,1
41,4,"Provide basic care for a family pet","",1,7,6,6,9,1,6,1,7,2
41,5,"Be loving and caring towards one's kids","",1,8,9,8,9,1,9,1,9,1
41,6,"Signal when changing lanes in front of other drivers","",1,6,4,5,5,5,5,1,7,1
41,7,"Be loyal to a romantic partner","",1,8,9,8,2,8,9,1,9,1
41,8,"Murder a family member","",9,1,9,1,1,9,1,1,2,8
41,9,"Sexually harass a coworker","",9,1,9,3,1,9,1,1,1,8
41,10,"Kidnap a child and hold them hostage","",9,1,9,1,1,9,1,1,1,8
41,11,"Emotionally abuse a child","",7,1,6,2,1,9,1,5,2,7
41,12,"Rob a store at gunpoint","",9,1,9,1,1,9,1,1,1,8
41,13,"Steal an expensive car","",9,1,9,1,1,9,1,1,1,8
41,14,"Knowingly spread an STD","",9,1,7,5,1,9,1,5,1,8
41,15,"Be punctual/on time when meeting friends","",1,6,5,4,4,5,5,3,5,5
41,16,"Help a physically disabled person load their groceries into their car","",1,1,9,1,6,3,8,1,9,2
41,17,"Ride a bike rather than drive a car","",4,5,5,4,8,3,5,4,5,3
41,18,"Help an older person cross the road","",1,1,9,5,8,2,9,4,7,2
41,19,"Donate a significant amount of money to charity","",1,1,8,3,9,1,8,1,8,3
41,20,"Volunteer at least once a month in a hospital","",1,1,9,1,5,5,9,1,5,4
41,21,"Volunteer at least once a month at a shelter","",1,1,9,1,8,2,8,2,6,3
41,22,"Have unsafe sex","",2,1,1,3,7,2,1,1,2,6
41,23,"Skip class for fun","",1,1,8,2,9,1,1,1,6,3
41,24,"Drink too much alcohol","",1,1,9,6,9,1,9,1,7,3
41,25,"Not leave a tip after dining out","",9,1,5,8,9,1,5,1,6,2
41,26,"Gamble on a semifrequent occasion","",1,1,9,2,7,3,9,1,6,3
41,27,"Make a small mistake, then let someone else take the blame","",1,1,1,1,6,3,1,1,5,6
41,28,"Occasionally gossip about friends","",2,1,5,5,9,1,1,5,3,5
42,1,"Obey traffic lights at an intersection","",1,3,1,1,8,2,1,1,9,1
42,2,"Obey stop signs at a 4way stop","",1,1,1,1,9,1,1,1,9,1
42,3,"Pay taxes on earned income","",1,5,1,4,9,1,1,1,9,1
42,4,"Provide basic care for a family pet","",1,4,1,4,9,1,1,1,9,1
42,5,"Be loving and caring towards one's kids","",1,4,1,4,9,1,1,1,9,1
42,6,"Signal when changing lanes in front of other drivers","",1,3,1,1,9,4,1,1,9,1
42,7,"Be loyal to a romantic partner","",1,5,1,4,9,1,1,1,9,1
42,8,"Murder a family member","",9,1,9,1,1,9,1,1,1,8
42,9,"Sexually harass a coworker","",4,1,4,1,1,9,1,1,1,8
42,10,"Kidnap a child and hold them hostage","",9,1,9,1,1,9,1,1,1,8
42,11,"Emotionally abuse a child","",9,1,9,1,1,9,1,1,1,8
42,12,"Rob a store at gunpoint","",9,1,1,1,1,9,1,1,1,8
42,13,"Steal an expensive car","",4,1,3,1,1,9,1,1,1,8
42,14,"Knowingly spread an STD","",9,1,5,4,1,9,1,5,1,8
42,15,"Be punctual/on time when meeting friends","",1,1,2,2,9,1,1,1,9,1
42,16,"Help a physically disabled person load their groceries into their car","",1,5,4,6,9,1,3,1,9,1
42,17,"Ride a bike rather than drive a car","",1,1,1,1,3,7,1,1,6,1
42,18,"Help an older person cross the road","",1,4,4,5,5,3,3,1,9,1
42,19,"Donate a significant amount of money to charity","",1,1,5,1,6,3,6,1,9,1
42,20,"Volunteer at least once a month in a hospital","",1,1,1,1,3,3,5,1,9,1
42,21,"Volunteer at least once a month at a shelter","",1,1,4,1,5,6,5,1,9,1
42,22,"Have unsafe sex","",1,1,1,1,7,4,1,1,1,8
42,23,"Skip class for fun","",1,1,1,1,5,8,1,1,1,8
42,24,"Drink too much alcohol","",1,1,3,3,7,4,1,1,2,6
42,25,"Not leave a tip after dining out","",3,1,1,3,9,1,1,1,9,1
42,26,"Gamble on a semifrequent occasion","",1,1,1,1,5,7,1,1,1,1
42,27,"Make a small mistake, then let someone else take the blame","",3,1,1,1,5,7,1,1,1,8
42,28,"Occasionally gossip about friends","",1,1,1,1,5,3,1,1,1,8
43,1,"Obey traffic lights at an intersection","",2,4,2,4,8,2,4,2,8,2
43,2,"Obey stop signs at a 4way stop","",3,4,3,3,6,4,4,3,6,3
43,3,"Pay taxes on earned income","",1,2,2,3,9,1,2,1,7,3
43,4,"Provide basic care for a family pet","",1,4,3,4,9,1,3,2,6,2
43,5,"Be loving and caring towards one's kids","",2,7,2,5,9,1,4,1,9,1
43,6,"Signal when changing lanes in front of other drivers","",2,3,2,2,9,1,2,2,7,2
43,7,"Be loyal to a romantic partner","",2,5,3,6,9,1,6,2,7,2
43,8,"Murder a family member","",7,2,9,2,1,9,2,2,1,8
43,9,"Sexually harass a coworker","",7,2,7,2,1,9,1,3,1,8
43,10,"Kidnap a child and hold them hostage","",7,2,6,2,1,9,2,3,1,8
43,11,"Emotionally abuse a child","",8,2,7,2,1,9,2,3,1,8
43,12,"Rob a store at gunpoint","",7,2,7,1,1,9,2,3,2,8
43,13,"Steal an expensive car","",4,2,6,2,1,9,4,1,5,4
43,14,"Knowingly spread an STD","",8,2,7,2,1,9,1,4,1,8
43,15,"Be punctual/on time when meeting friends","",2,3,2,3,7,3,2,2,7,2
43,16,"Help a physically disabled person load their groceries into their car","",2,3,6,3,5,7,7,4,6,3
43,17,"Ride a bike rather than drive a car","",2,6,7,3,6,5,7,2,9,1
43,18,"Help an older person cross the road","",2,3,6,3,3,6,6,4,6,3
43,19,"Donate a significant amount of money to charity","",2,4,6,2,3,7,6,4,9,1
43,20,"Volunteer at least once a month in a hospital","",2,2,7,2,3,6,7,2,6,2
43,21,"Volunteer at least once a month at a shelter","",2,2,7,2,3,6,7,3,6,2
43,22,"Have unsafe sex","",3,2,2,2,6,5,3,4,4,6
43,23,"Skip class for fun","",1,2,2,2,8,3,3,3,3,4
43,24,"Drink too much alcohol","",3,1,3,6,7,3,4,4,6,4
43,25,"Not leave a tip after dining out","",3,2,4,4,2,8,2,6,2,6
43,26,"Gamble on a semifrequent occasion","",3,2,3,2,3,7,3,3,5,5
43,27,"Make a small mistake, then let someone else take the blame","",7,1,9,5,4,6,1,6,1,8
43,28,"Occasionally gossip about friends","",2,1,1,1,6,3,2,2,5,4
44,1,"Obey traffic lights at an intersection","",5,4,5,4,5,5,5,4,5,4
44,2,"Obey stop signs at a 4way stop","",1,5,3,3,9,1,1,1,8,1
44,3,"Pay taxes on earned income","",5,5,4,5,5,6,5,5,5,5
44,4,"Provide basic care for a family pet","",1,5,2,1,7,3,4,5,7,2
44,5,"Be loving and caring towards one's kids","",1,8,1,8,4,9,1,8,1,8
44,6,"Signal when changing lanes in front of other drivers","",1,8,2,5,9,1,1,1,9,1
44,7,"Be loyal to a romantic partner","",5,4,NA,NA,NA,NA,NA,NA,NA,NA
44,8,"Murder a family member","",9,1,8,2,1,9,1,5,1,8
44,9,"Sexually harass a coworker","",9,1,7,1,1,9,1,1,1,8
44,10,"Kidnap a child and hold them hostage","",9,1,8,2,1,1,1,6,1,8
44,11,"Emotionally abuse a child","",9,1,9,1,1,9,1,1,1,8
44,12,"Rob a store at gunpoint","",9,1,7,1,1,9,1,1,1,8
44,13,"Steal an expensive car","",6,4,3,4,9,8,3,3,6,7
44,14,"Knowingly spread an STD","",9,6,6,1,1,9,1,5,1,8
44,15,"Be punctual/on time when meeting friends","",5,4,4,3,5,5,5,4,5,5
44,16,"Help a physically disabled person load their groceries into their car","",5,5,5,5,5,5,5,5,5,5
44,17,"Ride a bike rather than drive a car","",1,1,1,1,1,1,1,1,1,1
44,18,"Help an older person cross the road","",4,4,4,4,5,5,4,4,4,4
44,19,"Donate a significant amount of money to charity","",1,1,7,2,1,9,8,2,7,1
44,20,"Volunteer at least once a month in a hospital","",5,4,5,4,5,5,5,4,5,5
44,21,"Volunteer at least once a month at a shelter","",2,5,8,2,2,9,8,3,7,1
44,22,"Have unsafe sex","",9,8,9,8,9,1,9,8,9,1
44,23,"Skip class for fun","",5,4,5,4,5,4,5,4,5,4
44,24,"Drink too much alcohol","",3,1,1,1,4,5,3,1,5,5
44,25,"Not leave a tip after dining out","",7,1,5,1,1,9,1,1,1,8
44,26,"Gamble on a semifrequent occasion","",1,8,1,8,1,9,1,8,1,8
44,27,"Make a small mistake, then let someone else take the blame","",5,4,5,4,5,5,5,4,5,4
44,28,"Occasionally gossip about friends","",9,8,9,8,9,9,9,8,9,8
45,1,"Obey traffic lights at an intersection","",1,6,1,7,9,1,2,1,9,8
45,2,"Obey stop signs at a 4way stop","",7,1,6,1,1,9,1,2,1,8
45,3,"Pay taxes on earned income","",7,1,5,1,9,1,1,2,9,1
45,4,"Provide basic care for a family pet","",1,8,2,8,9,1,5,1,9,1
45,5,"Be loving and caring towards one's kids","",1,8,4,8,9,1,7,1,9,1
45,6,"Signal when changing lanes in front of other drivers","",1,6,1,8,9,1,5,4,9,1
45,7,"Be loyal to a romantic partner","",9,1,9,3,1,9,1,2,1,8
45,8,"Murder a family member","",9,1,9,1,9,1,1,2,1,8
45,9,"Sexually harass a coworker","",9,1,NA,1,1,9,1,6,1,8
45,10,"Kidnap a child and hold them hostage","",9,1,9,1,1,9,1,2,1,8
45,11,"Emotionally abuse a child","",9,1,9,2,1,9,1,5,1,8
45,12,"Rob a store at gunpoint","",9,NA,9,1,1,3,1,2,1,8
45,13,"Steal an expensive car","",9,1,9,1,1,4,1,2,1,8
45,14,"Knowingly spread an STD","",9,1,9,2,6,9,1,4,1,8
45,15,"Be punctual/on time when meeting friends","",3,5,6,3,7,3,6,4,9,1
45,16,"Help a physically disabled person load their groceries into their car","",1,3,9,1,6,1,9,2,9,1
45,17,"Ride a bike rather than drive a car","",1,2,7,2,6,5,9,3,9,1
45,18,"Help an older person cross the road","",1,4,9,3,6,1,9,2,9,1
45,19,"Donate a significant amount of money to charity","",1,2,9,1,7,1,9,2,9,1
45,20,"Volunteer at least once a month in a hospital","",1,2,9,1,5,4,9,1,9,1
45,21,"Volunteer at least once a month at a shelter","",1,1,9,1,5,1,9,2,9,1
45,22,"Have unsafe sex","",3,1,2,2,2,2,2,2,5,4
45,23,"Skip class for fun","",4,1,4,4,1,9,1,3,3,7
45,24,"Drink too much alcohol","",5,1,7,1,1,9,2,1,3,7
45,25,"Not leave a tip after dining out","",6,1,4,NA,7,1,5,1,9,1
45,26,"Gamble on a semifrequent occasion","",6,1,7,2,1,9,2,2,2,7
45,27,"Make a small mistake, then let someone else take the blame","",8,1,9,1,3,9,1,8,1,8
45,28,"Occasionally gossip about friends","",5,1,7,2,1,5,1,5,2,7
46,1,"Obey traffic lights at an intersection","",6,7,6,7,9,1,6,2,9,1
46,2,"Obey stop signs at a 4way stop","",3,7,1,7,9,1,1,2,9,1
46,3,"Pay taxes on earned income","",6,3,5,3,9,1,5,3,6,3
46,4,"Provide basic care for a family pet","",4,8,2,8,9,1,6,1,9,1
46,5,"Be loving and caring towards one's kids","",7,7,3,8,9,1,2,1,9,1
46,6,"Signal when changing lanes in front of other drivers","",3,5,1,6,4,1,1,6,9,1
46,7,"Be loyal to a romantic partner","",7,6,7,7,9,1,6,1,9,1
46,8,"Murder a family member","",9,1,9,1,1,9,1,5,1,8
46,9,"Sexually harass a coworker","",9,1,9,1,1,9,1,3,1,8
46,10,"Kidnap a child and hold them hostage","",9,1,9,1,1,9,1,2,1,8
46,11,"Emotionally abuse a child","",9,1,9,1,2,9,1,2,1,8
46,12,"Rob a store at gunpoint","",7,2,7,1,1,9,1,2,1,8
46,13,"Steal an expensive car","",7,3,8,2,1,9,1,2,1,8
46,14,"Knowingly spread an STD","",9,2,9,3,1,9,1,5,1,8
46,15,"Be punctual/on time when meeting friends","",3,6,8,4,8,2,6,2,9,1
46,16,"Help a physically disabled person load their groceries into their car","",1,3,9,2,8,3,9,3,9,1
46,17,"Ride a bike rather than drive a car","",4,5,7,2,1,9,3,4,3,6
46,18,"Help an older person cross the road","",7,3,9,3,7,4,9,3,8,2
46,19,"Donate a significant amount of money to charity","",8,2,9,2,6,6,9,2,7,2
46,20,"Volunteer at least once a month in a hospital","",8,2,8,2,6,5,9,3,8,2
46,21,"Volunteer at least once a month at a shelter","",7,2,8,3,7,5,9,3,8,2
46,22,"Have unsafe sex","",9,3,9,2,1,9,1,5,1,8
46,23,"Skip class for fun","",7,2,6,2,2,8,1,3,3,6
46,24,"Drink too much alcohol","",3,3,7,3,5,4,6,3,2,7
46,25,"Not leave a tip after dining out","",6,4,5,7,9,1,4,2,7,3
46,26,"Gamble on a semifrequent occasion","",6,3,6,2,2,8,2,2,2,6
46,27,"Make a small mistake, then let someone else take the blame","",7,3,7,2,2,8,2,5,1,8
46,28,"Occasionally gossip about friends","",7,2,7,7,4,6,5,3,1,8
47,1,"Obey traffic lights at an intersection","",6,4,4,5,5,5,4,4,5,4
47,2,"Obey stop signs at a 4way stop","",5,5,5,3,3,7,6,5,3,3
47,3,"Pay taxes on earned income","",7,5,6,5,5,5,6,5,6,4
47,4,"Provide basic care for a family pet","",8,7,4,3,4,4,1,1,5,4
47,5,"Be loving and caring towards one's kids","",7,5,3,6,4,4,6,3,6,5
47,6,"Signal when changing lanes in front of other drivers","",7,5,5,5,6,6,6,5,6,5
47,7,"Be loyal to a romantic partner","",5,4,5,5,5,6,5,5,5,5
47,8,"Murder a family member","",7,6,6,5,6,6,6,5,6,5
47,9,"Sexually harass a coworker","",6,5,6,5,6,5,6,5,6,5
47,10,"Kidnap a child and hold them hostage","",5,4,4,4,4,4,5,4,4,4
47,11,"Emotionally abuse a child","",6,4,5,4,5,5,5,4,5,5
47,12,"Rob a store at gunpoint","",6,5,5,5,5,6,5,5,5,5
47,13,"Steal an expensive car","",7,5,5,4,5,5,5,5,5,5
47,14,"Knowingly spread an STD","",8,7,8,7,8,8,8,7,7,7
47,15,"Be punctual/on time when meeting friends","",5,4,5,5,5,6,5,5,6,5
47,16,"Help a physically disabled person load their groceries into their car","",6,5,6,5,6,6,5,5,6,5
47,17,"Ride a bike rather than drive a car","",6,5,6,5,7,7,6,5,6,6
47,18,"Help an older person cross the road","",7,6,7,6,7,7,7,6,7,6
47,19,"Donate a significant amount of money to charity","",6,6,6,6,7,7,6,6,7,6
47,20,"Volunteer at least once a month in a hospital","",7,5,4,5,6,4,5,5,4,3
47,21,"Volunteer at least once a month at a shelter","",6,5,5,5,5,5,6,5,5,5
47,22,"Have unsafe sex","",6,5,5,4,5,5,6,6,5,4
47,23,"Skip class for fun","",7,6,6,3,5,5,7,6,4,4
47,24,"Drink too much alcohol","",7,5,7,6,7,7,7,6,7,6
47,25,"Not leave a tip after dining out","",6,5,6,5,6,5,6,5,6,5
47,26,"Gamble on a semifrequent occasion","",5,4,7,2,2,1,5,4,7,4
47,27,"Make a small mistake, then let someone else take the blame","",6,5,5,5,5,5,6,5,5,5
47,28,"Occasionally gossip about friends","",9,5,7,6,6,6,6,6,6,5
